[
  {
    "model": "admin.logentry",
    "pk": 1,
    "fields": {
      "action_time": "2026-03-21T01:28:08.889Z",
      "user": 1,
      "content_type": 7,
      "object_id": "1",
      "object_repr": "Аудиторія 101",
      "action_flag": 1,
      "change_message": "[{\"added\": {}}]"
    }
  },
  {
    "model": "admin.logentry",
    "pk": 2,
    "fields": {
      "action_time": "2026-03-21T01:28:46.141Z",
      "user": 1,
      "content_type": 7,
      "object_id": "2",
      "object_repr": "Лабораторія 203",
      "action_flag": 1,
      "change_message": "[{\"added\": {}}]"
    }
  },
  {
    "model": "admin.logentry",
    "pk": 3,
    "fields": {
      "action_time": "2026-03-21T01:29:19.400Z",
      "user": 1,
      "content_type": 7,
      "object_id": "3",
      "object_repr": "Проектор Epson X12",
      "action_flag": 1,
      "change_message": "[{\"added\": {}}]"
    }
  },
  {
    "model": "admin.logentry",
    "pk": 4,
    "fields": {
      "action_time": "2026-03-21T02:46:41.561Z",
      "user": 1,
      "content_type": 8,
      "object_id": "1",
      "object_repr": "Аудиторія 101 (2026-03-21 02:46:31+00:00 - 2026-03-21 03:46:36+00:00)",
      "action_flag": 1,
      "change_message": "[{\"added\": {}}]"
    }
  },
  {
    "model": "admin.logentry",
    "pk": 5,
    "fields": {
      "action_time": "2026-03-21T16:38:54.769Z",
      "user": 1,
      "content_type": 8,
      "object_id": "3",
      "object_repr": "Аудиторія 101 (2026-03-21 08:49:00+00:00 - 2026-03-21 09:58:00+00:00)",
      "action_flag": 3,
      "change_message": ""
    }
  },
  {
    "model": "admin.logentry",
    "pk": 6,
    "fields": {
      "action_time": "2026-03-21T16:38:54.769Z",
      "user": 1,
      "content_type": 8,
      "object_id": "2",
      "object_repr": "Аудиторія 101 (2026-03-21 08:30:00+00:00 - 2026-03-21 10:00:00+00:00)",
      "action_flag": 3,
      "change_message": ""
    }
  },
  {
    "model": "admin.logentry",
    "pk": 7,
    "fields": {
      "action_time": "2026-03-21T16:38:54.769Z",
      "user": 1,
      "content_type": 8,
      "object_id": "1",
      "object_repr": "Аудиторія 101 (2026-03-21 02:46:31+00:00 - 2026-03-21 03:46:36+00:00)",
      "action_flag": 3,
      "change_message": ""
    }
  },
  {
    "model": "admin.logentry",
    "pk": 8,
    "fields": {
      "action_time": "2026-03-21T23:10:50.013Z",
      "user": 1,
      "content_type": 4,
      "object_id": "2",
      "object_repr": "lorents.vy",
      "action_flag": 2,
      "change_message": "[{\"changed\": {\"fields\": [\"Active\"]}}]"
    }
  },
  {
    "model": "admin.logentry",
    "pk": 9,
    "fields": {
      "action_time": "2026-03-21T23:13:14.130Z",
      "user": 1,
      "content_type": 9,
      "object_id": "2",
      "object_repr": "teacher — Викладач",
      "action_flag": 2,
      "change_message": "[]"
    }
  },
  {
    "model": "admin.logentry",
    "pk": 10,
    "fields": {
      "action_time": "2026-03-21T23:13:58.660Z",
      "user": 1,
      "content_type": 4,
      "object_id": "3",
      "object_repr": "teacher",
      "action_flag": 2,
      "change_message": "[{\"changed\": {\"fields\": [\"Active\"]}}]"
    }
  },
  {
    "model": "admin.logentry",
    "pk": 11,
    "fields": {
      "action_time": "2026-03-22T18:40:17.897Z",
      "user": 1,
      "content_type": 7,
      "object_id": "4",
      "object_repr": "Конференц-зал",
      "action_flag": 1,
      "change_message": "[{\"added\": {}}]"
    }
  },
  {
    "model": "admin.logentry",
    "pk": 12,
    "fields": {
      "action_time": "2026-03-22T18:40:34.128Z",
      "user": 1,
      "content_type": 8,
      "object_id": "7",
      "object_repr": "Аудиторія 101 (2026-03-24 02:20:00+00:00 - 2026-03-24 03:20:00+00:00)",
      "action_flag": 3,
      "change_message": ""
    }
  },
  {
    "model": "admin.logentry",
    "pk": 13,
    "fields": {
      "action_time": "2026-03-22T18:40:34.128Z",
      "user": 1,
      "content_type": 8,
      "object_id": "8",
      "object_repr": "Аудиторія 101 (2026-03-24 01:46:00+00:00 - 2026-03-24 02:20:00+00:00)",
      "action_flag": 3,
      "change_message": ""
    }
  },
  {
    "model": "admin.logentry",
    "pk": 14,
    "fields": {
      "action_time": "2026-03-22T18:40:34.128Z",
      "user": 1,
      "content_type": 8,
      "object_id": "6",
      "object_repr": "Лабораторія 203 (2026-03-24 01:20:00+00:00 - 2026-03-24 02:20:00+00:00)",
      "action_flag": 3,
      "change_message": ""
    }
  },
  {
    "model": "admin.logentry",
    "pk": 15,
    "fields": {
      "action_time": "2026-03-22T20:37:40.874Z",
      "user": 1,
      "content_type": 8,
      "object_id": "12",
      "object_repr": "Проектор Epson X12 (2026-03-22 21:37:00+00:00 - 2026-03-22 23:37:00+00:00)",
      "action_flag": 2,
      "change_message": "[{\"changed\": {\"fields\": [\"\\u0421\\u0442\\u0430\\u0442\\u0443\\u0441\"]}}]"
    }
  },
  {
    "model": "admin.logentry",
    "pk": 16,
    "fields": {
      "action_time": "2026-03-22T20:38:06.928Z",
      "user": 1,
      "content_type": 8,
      "object_id": "11",
      "object_repr": "Проектор Epson X12 (2026-03-22 19:38:00+00:00 - 2026-03-22 20:38:00+00:00)",
      "action_flag": 2,
      "change_message": "[{\"changed\": {\"fields\": [\"\\u0421\\u0442\\u0430\\u0442\\u0443\\u0441\"]}}]"
    }
  },
  {
    "model": "admin.logentry",
    "pk": 17,
    "fields": {
      "action_time": "2026-03-22T22:34:43.443Z",
      "user": 1,
      "content_type": 7,
      "object_id": "5",
      "object_repr": "Аудиторія 111",
      "action_flag": 1,
      "change_message": "[{\"added\": {}}]"
    }
  },
  {
    "model": "admin.logentry",
    "pk": 18,
    "fields": {
      "action_time": "2026-03-22T22:34:53.455Z",
      "user": 1,
      "content_type": 7,
      "object_id": "5",
      "object_repr": "Аудиторія 111",
      "action_flag": 2,
      "change_message": "[{\"changed\": {\"fields\": [\"\\u041c\\u0456\\u0441\\u0446\\u0435\\u0437\\u043d\\u0430\\u0445\\u043e\\u0434\\u0436\\u0435\\u043d\\u043d\\u044f\", \"\\u041c\\u0456\\u0441\\u0442\\u043a\\u0456\\u0441\\u0442\\u044c\"]}}]"
    }
  },
  {
    "model": "admin.logentry",
    "pk": 19,
    "fields": {
      "action_time": "2026-03-28T17:04:52.914Z",
      "user": 1,
      "content_type": 7,
      "object_id": "5",
      "object_repr": "Аудиторія 111",
      "action_flag": 2,
      "change_message": "[{\"changed\": {\"fields\": [\"\\u041e\\u043f\\u0438\\u0441\"]}}]"
    }
  },
  {
    "model": "admin.logentry",
    "pk": 20,
    "fields": {
      "action_time": "2026-03-28T23:48:43.531Z",
      "user": 1,
      "content_type": 7,
      "object_id": "6",
      "object_repr": "Аудиторія 201",
      "action_flag": 1,
      "change_message": "[{\"added\": {}}]"
    }
  },
  {
    "model": "admin.logentry",
    "pk": 21,
    "fields": {
      "action_time": "2026-03-28T23:49:16.228Z",
      "user": 1,
      "content_type": 7,
      "object_id": "7",
      "object_repr": "Аудиторія 202",
      "action_flag": 1,
      "change_message": "[{\"added\": {}}]"
    }
  },
  {
    "model": "admin.logentry",
    "pk": 22,
    "fields": {
      "action_time": "2026-04-06T15:42:03.034Z",
      "user": 1,
      "content_type": 7,
      "object_id": "8",
      "object_repr": "Аудиторія 326",
      "action_flag": 1,
      "change_message": "[{\"added\": {}}]"
    }
  },
  {
    "model": "admin.logentry",
    "pk": 23,
    "fields": {
      "action_time": "2026-04-06T15:56:39.405Z",
      "user": 1,
      "content_type": 7,
      "object_id": "1",
      "object_repr": "Аудиторія 325",
      "action_flag": 2,
      "change_message": "[{\"changed\": {\"fields\": [\"\\u041d\\u0430\\u0437\\u0432\\u0430\", \"\\u041a\\u0430\\u0444\\u0435\\u0434\\u0440\\u0430\", \"\\u041e\\u043f\\u0438\\u0441\", \"\\u041c\\u0456\\u0441\\u0446\\u0435\\u0437\\u043d\\u0430\\u0445\\u043e\\u0434\\u0436\\u0435\\u043d\\u043d\\u044f\", \"\\u041c\\u0456\\u0441\\u0442\\u043a\\u0456\\u0441\\u0442\\u044c\"]}}]"
    }
  },
  {
    "model": "admin.logentry",
    "pk": 24,
    "fields": {
      "action_time": "2026-04-06T16:00:55.246Z",
      "user": 1,
      "content_type": 7,
      "object_id": "5",
      "object_repr": "Аудиторія 310",
      "action_flag": 2,
      "change_message": "[{\"changed\": {\"fields\": [\"\\u041d\\u0430\\u0437\\u0432\\u0430\", \"\\u041a\\u0430\\u0444\\u0435\\u0434\\u0440\\u0430\", \"\\u041e\\u043f\\u0438\\u0441\", \"\\u041c\\u0456\\u0441\\u0446\\u0435\\u0437\\u043d\\u0430\\u0445\\u043e\\u0434\\u0436\\u0435\\u043d\\u043d\\u044f\", \"\\u041c\\u0456\\u0441\\u0442\\u043a\\u0456\\u0441\\u0442\\u044c\"]}}]"
    }
  },
  {
    "model": "admin.logentry",
    "pk": 25,
    "fields": {
      "action_time": "2026-04-06T16:05:36.186Z",
      "user": 1,
      "content_type": 7,
      "object_id": "5",
      "object_repr": "Аудиторія 310",
      "action_flag": 2,
      "change_message": "[{\"changed\": {\"fields\": [\"\\u0422\\u0438\\u043f \\u0440\\u0435\\u0441\\u0443\\u0440\\u0441\\u0443\"]}}]"
    }
  },
  {
    "model": "admin.logentry",
    "pk": 26,
    "fields": {
      "action_time": "2026-04-06T16:05:41.125Z",
      "user": 1,
      "content_type": 7,
      "object_id": "8",
      "object_repr": "Аудиторія 326",
      "action_flag": 2,
      "change_message": "[{\"changed\": {\"fields\": [\"\\u0422\\u0438\\u043f \\u0440\\u0435\\u0441\\u0443\\u0440\\u0441\\u0443\"]}}]"
    }
  },
  {
    "model": "admin.logentry",
    "pk": 27,
    "fields": {
      "action_time": "2026-04-06T16:09:51.115Z",
      "user": 1,
      "content_type": 7,
      "object_id": "6",
      "object_repr": "Аудиторія 225",
      "action_flag": 2,
      "change_message": "[{\"changed\": {\"fields\": [\"\\u041d\\u0430\\u0437\\u0432\\u0430\", \"\\u041a\\u0430\\u0444\\u0435\\u0434\\u0440\\u0430\", \"\\u041e\\u043f\\u0438\\u0441\", \"\\u041c\\u0456\\u0441\\u0446\\u0435\\u0437\\u043d\\u0430\\u0445\\u043e\\u0434\\u0436\\u0435\\u043d\\u043d\\u044f\", \"\\u041c\\u0456\\u0441\\u0442\\u043a\\u0456\\u0441\\u0442\\u044c\"]}}]"
    }
  },
  {
    "model": "admin.logentry",
    "pk": 28,
    "fields": {
      "action_time": "2026-04-06T16:12:05.665Z",
      "user": 1,
      "content_type": 7,
      "object_id": "7",
      "object_repr": "Аудиторія 211",
      "action_flag": 2,
      "change_message": "[{\"changed\": {\"fields\": [\"\\u041d\\u0430\\u0437\\u0432\\u0430\", \"\\u0422\\u0438\\u043f \\u0440\\u0435\\u0441\\u0443\\u0440\\u0441\\u0443\", \"\\u041a\\u0430\\u0444\\u0435\\u0434\\u0440\\u0430\", \"\\u041e\\u043f\\u0438\\u0441\", \"\\u041c\\u0456\\u0441\\u0446\\u0435\\u0437\\u043d\\u0430\\u0445\\u043e\\u0434\\u0436\\u0435\\u043d\\u043d\\u044f\", \"\\u041c\\u0456\\u0441\\u0442\\u043a\\u0456\\u0441\\u0442\\u044c\"]}}]"
    }
  },
  {
    "model": "admin.logentry",
    "pk": 29,
    "fields": {
      "action_time": "2026-04-06T16:13:59.007Z",
      "user": 1,
      "content_type": 7,
      "object_id": "2",
      "object_repr": "Лабораторія 205",
      "action_flag": 2,
      "change_message": "[{\"changed\": {\"fields\": [\"\\u041d\\u0430\\u0437\\u0432\\u0430\", \"\\u041a\\u0430\\u0444\\u0435\\u0434\\u0440\\u0430\", \"\\u041e\\u043f\\u0438\\u0441\", \"\\u041c\\u0456\\u0441\\u0446\\u0435\\u0437\\u043d\\u0430\\u0445\\u043e\\u0434\\u0436\\u0435\\u043d\\u043d\\u044f\"]}}]"
    }
  },
  {
    "model": "admin.logentry",
    "pk": 30,
    "fields": {
      "action_time": "2026-04-06T16:14:54.785Z",
      "user": 1,
      "content_type": 7,
      "object_id": "8",
      "object_repr": "Лабораторія 326",
      "action_flag": 2,
      "change_message": "[{\"changed\": {\"fields\": [\"\\u041d\\u0430\\u0437\\u0432\\u0430\"]}}]"
    }
  },
  {
    "model": "admin.logentry",
    "pk": 31,
    "fields": {
      "action_time": "2026-04-06T16:15:07.542Z",
      "user": 1,
      "content_type": 7,
      "object_id": "7",
      "object_repr": "Лабораторія 211",
      "action_flag": 2,
      "change_message": "[{\"changed\": {\"fields\": [\"\\u041d\\u0430\\u0437\\u0432\\u0430\"]}}]"
    }
  },
  {
    "model": "admin.logentry",
    "pk": 32,
    "fields": {
      "action_time": "2026-04-06T16:15:22.229Z",
      "user": 1,
      "content_type": 7,
      "object_id": "5",
      "object_repr": "Лабораторія 310",
      "action_flag": 2,
      "change_message": "[{\"changed\": {\"fields\": [\"\\u041d\\u0430\\u0437\\u0432\\u0430\"]}}]"
    }
  },
  {
    "model": "admin.logentry",
    "pk": 33,
    "fields": {
      "action_time": "2026-04-06T16:19:11.044Z",
      "user": 1,
      "content_type": 7,
      "object_id": "9",
      "object_repr": "Лабораторія 221",
      "action_flag": 1,
      "change_message": "[{\"added\": {}}]"
    }
  },
  {
    "model": "admin.logentry",
    "pk": 34,
    "fields": {
      "action_time": "2026-04-06T16:19:56.366Z",
      "user": 1,
      "content_type": 7,
      "object_id": "10",
      "object_repr": "Лабораторія 132",
      "action_flag": 1,
      "change_message": "[{\"added\": {}}]"
    }
  },
  {
    "model": "admin.logentry",
    "pk": 35,
    "fields": {
      "action_time": "2026-04-06T16:25:17.506Z",
      "user": 1,
      "content_type": 7,
      "object_id": "11",
      "object_repr": "Лабораторія 419",
      "action_flag": 1,
      "change_message": "[{\"added\": {}}]"
    }
  },
  {
    "model": "admin.logentry",
    "pk": 36,
    "fields": {
      "action_time": "2026-04-06T17:11:56.629Z",
      "user": 1,
      "content_type": 7,
      "object_id": "12",
      "object_repr": "Лабораторія 413",
      "action_flag": 1,
      "change_message": "[{\"added\": {}}]"
    }
  },
  {
    "model": "admin.logentry",
    "pk": 37,
    "fields": {
      "action_time": "2026-04-06T17:18:47.607Z",
      "user": 1,
      "content_type": 7,
      "object_id": "10",
      "object_repr": "Лабораторія 132",
      "action_flag": 2,
      "change_message": "[{\"changed\": {\"fields\": [\"\\u041a\\u0430\\u0444\\u0435\\u0434\\u0440\\u0430\"]}}]"
    }
  },
  {
    "model": "admin.logentry",
    "pk": 38,
    "fields": {
      "action_time": "2026-04-06T17:18:54.600Z",
      "user": 1,
      "content_type": 7,
      "object_id": "9",
      "object_repr": "Лабораторія 221",
      "action_flag": 2,
      "change_message": "[{\"changed\": {\"fields\": [\"\\u041a\\u0430\\u0444\\u0435\\u0434\\u0440\\u0430\"]}}]"
    }
  },
  {
    "model": "admin.logentry",
    "pk": 39,
    "fields": {
      "action_time": "2026-04-06T17:21:01.722Z",
      "user": 1,
      "content_type": 7,
      "object_id": "13",
      "object_repr": "Лабораторія 410",
      "action_flag": 1,
      "change_message": "[{\"added\": {}}]"
    }
  },
  {
    "model": "admin.logentry",
    "pk": 40,
    "fields": {
      "action_time": "2026-04-06T17:21:39.370Z",
      "user": 1,
      "content_type": 7,
      "object_id": "14",
      "object_repr": "Лабораторія 411",
      "action_flag": 1,
      "change_message": "[{\"added\": {}}]"
    }
  },
  {
    "model": "admin.logentry",
    "pk": 41,
    "fields": {
      "action_time": "2026-04-06T17:22:18.382Z",
      "user": 1,
      "content_type": 7,
      "object_id": "15",
      "object_repr": "Лабораторія 404",
      "action_flag": 1,
      "change_message": "[{\"added\": {}}]"
    }
  },
  {
    "model": "admin.logentry",
    "pk": 42,
    "fields": {
      "action_time": "2026-04-06T17:28:03.898Z",
      "user": 1,
      "content_type": 7,
      "object_id": "16",
      "object_repr": "NVIDIA Jetson Nano / AGX Xavier",
      "action_flag": 1,
      "change_message": "[{\"added\": {}}]"
    }
  },
  {
    "model": "admin.logentry",
    "pk": 43,
    "fields": {
      "action_time": "2026-04-06T17:28:56.709Z",
      "user": 1,
      "content_type": 7,
      "object_id": "17",
      "object_repr": "Waveshare JetRacer Pro AI Kit",
      "action_flag": 1,
      "change_message": "[{\"added\": {}}]"
    }
  },
  {
    "model": "admin.logentry",
    "pk": 44,
    "fields": {
      "action_time": "2026-04-06T17:29:20.036Z",
      "user": 1,
      "content_type": 7,
      "object_id": "18",
      "object_repr": "SWI-Prolog / Neural Network Wizard",
      "action_flag": 1,
      "change_message": "[{\"added\": {}}]"
    }
  },
  {
    "model": "admin.logentry",
    "pk": 45,
    "fields": {
      "action_time": "2026-04-06T17:29:54.216Z",
      "user": 1,
      "content_type": 7,
      "object_id": "19",
      "object_repr": "IDE Eclipse",
      "action_flag": 1,
      "change_message": "[{\"added\": {}}]"
    }
  },
  {
    "model": "admin.logentry",
    "pk": 46,
    "fields": {
      "action_time": "2026-04-06T17:52:50.526Z",
      "user": 1,
      "content_type": 7,
      "object_id": "19",
      "object_repr": "NVIDIA Jetson Nano",
      "action_flag": 2,
      "change_message": "[{\"changed\": {\"fields\": [\"\\u041d\\u0430\\u0437\\u0432\\u0430\", \"\\u041a\\u0430\\u0444\\u0435\\u0434\\u0440\\u0430\", \"\\u041e\\u043f\\u0438\\u0441\", \"\\u041c\\u0456\\u0441\\u0446\\u0435\\u0437\\u043d\\u0430\\u0445\\u043e\\u0434\\u0436\\u0435\\u043d\\u043d\\u044f\"]}}]"
    }
  },
  {
    "model": "admin.logentry",
    "pk": 47,
    "fields": {
      "action_time": "2026-04-06T17:59:13.229Z",
      "user": 1,
      "content_type": 7,
      "object_id": "16",
      "object_repr": "NVIDIA Jetson AGX Xavier",
      "action_flag": 2,
      "change_message": "[{\"changed\": {\"fields\": [\"\\u041d\\u0430\\u0437\\u0432\\u0430\", \"\\u041e\\u043f\\u0438\\u0441\", \"\\u041c\\u0456\\u0441\\u0446\\u0435\\u0437\\u043d\\u0430\\u0445\\u043e\\u0434\\u0436\\u0435\\u043d\\u043d\\u044f\"]}}]"
    }
  },
  {
    "model": "admin.logentry",
    "pk": 48,
    "fields": {
      "action_time": "2026-04-06T18:00:29.173Z",
      "user": 1,
      "content_type": 7,
      "object_id": "18",
      "object_repr": "SWI-Prolog / Neural Network Wizard",
      "action_flag": 3,
      "change_message": ""
    }
  },
  {
    "model": "admin.logentry",
    "pk": 49,
    "fields": {
      "action_time": "2026-04-06T18:01:18.939Z",
      "user": 1,
      "content_type": 7,
      "object_id": "20",
      "object_repr": "Arduino (Starter Kit)",
      "action_flag": 1,
      "change_message": "[{\"added\": {}}]"
    }
  },
  {
    "model": "admin.logentry",
    "pk": 50,
    "fields": {
      "action_time": "2026-04-06T18:02:00.874Z",
      "user": 1,
      "content_type": 7,
      "object_id": "3",
      "object_repr": "Проектор Epson X12",
      "action_flag": 3,
      "change_message": ""
    }
  },
  {
    "model": "auth.user",
    "pk": 1,
    "fields": {
      "password": "pbkdf2_sha256$1200000$1YHENFcHzw7H9ct6hVhAqG$1ggkbXaU7f1cFRE1km3a52PoLLRUJIIg8Mpz4+CfH7c=",
      "last_login": "2026-04-18T13:08:39.207Z",
      "is_superuser": true,
      "username": "admin",
      "first_name": "",
      "last_name": "",
      "email": "lorentsvlad@gmail.com",
      "is_staff": true,
      "is_active": true,
      "date_joined": "2026-03-21T01:03:57.034Z",
      "groups": [],
      "user_permissions": []
    }
  },
  {
    "model": "auth.user",
    "pk": 2,
    "fields": {
      "password": "pbkdf2_sha256$1200000$5GLce9aESKu5ut4H4R4XiZ$Bpmww3ejptT6bAIeDbidjmVkr5+7X/zpnsXxuFMoiAM=",
      "last_login": "2026-03-29T01:36:06.537Z",
      "is_superuser": false,
      "username": "lorents.vy",
      "first_name": "",
      "last_name": "",
      "email": "st7974010@stud.duikt.edu.ua",
      "is_staff": false,
      "is_active": true,
      "date_joined": "2026-03-21T23:09:32Z",
      "groups": [],
      "user_permissions": []
    }
  },
  {
    "model": "auth.user",
    "pk": 3,
    "fields": {
      "password": "pbkdf2_sha256$1200000$bQwZqdwEmdTBrnrdW9vLZe$SRTvYE+9FOQEDS4d1NSopFUJyY61ZqN0VfK8b9zvGzI=",
      "last_login": "2026-04-18T13:08:16.298Z",
      "is_superuser": false,
      "username": "teacher",
      "first_name": "",
      "last_name": "",
      "email": "teacher@duikt.edu.ua",
      "is_staff": false,
      "is_active": true,
      "date_joined": "2026-03-21T23:12:27Z",
      "groups": [],
      "user_permissions": []
    }
  },
  {
    "model": "auth.user",
    "pk": 4,
    "fields": {
      "password": "pbkdf2_sha256$1200000$H3tGW4IxJkYz4pRVKzxzsf$B0IBRp2NUtG3wul5K8GY85e9JUJZYMSJeoo6yZWNZeE=",
      "last_login": null,
      "is_superuser": false,
      "username": "teacher1",
      "first_name": "",
      "last_name": "",
      "email": "lorentsvlad@duikt.edu.ua",
      "is_staff": false,
      "is_active": false,
      "date_joined": "2026-03-27T22:11:11.020Z",
      "groups": [],
      "user_permissions": []
    }
  },
  {
    "model": "auth.user",
    "pk": 5,
    "fields": {
      "password": "pbkdf2_sha256$1200000$6AmAceTyP8bZCYQKix4Lfu$VMZDQqeIyqWusiZJMedXU8EkSIOvBWg1OHeyFRlYisA=",
      "last_login": null,
      "is_superuser": false,
      "username": "1",
      "first_name": "",
      "last_name": "",
      "email": "1@duikt.edu.ua",
      "is_staff": false,
      "is_active": false,
      "date_joined": "2026-04-18T13:04:49.055Z",
      "groups": [],
      "user_permissions": []
    }
  },
  {
    "model": "auth.user",
    "pk": 6,
    "fields": {
      "password": "pbkdf2_sha256$1200000$RGSKgv1yyVP3oR2CailVco$RD0v20YWk5KosdwD6B940hJyYPGLt1HV7U8NUlCaJyY=",
      "last_login": null,
      "is_superuser": false,
      "username": "2",
      "first_name": "",
      "last_name": "",
      "email": "2@duikt.edu.ua",
      "is_staff": false,
      "is_active": false,
      "date_joined": "2026-04-18T13:05:36.722Z",
      "groups": [],
      "user_permissions": []
    }
  },
  {
    "model": "sessions.session",
    "pk": "1xu13crda6dmwpq5xoqgjihlnsc8vmn6",
    "fields": {
      "session_data": ".eJxVjMEOwiAQRP-FsyGFBVY8evcbCMuCVA1NSnsy_rtt0oOeJpn3Zt4ixHWpYe15DiOLiwBx-u0opmduO-BHbPdJpqkt80hyV-RBu7xNnF_Xw_07qLHXbU2ZSzLFaM2Dg-JMLpSURbQAMZE_ox406S0YHIHy2iNFLIoYi0UnPl_0Tjfc:1wD4AZ:pC3buSzv7dQFgY7L6T43U9N3mIX6Klnjp5_MMr8VNh4",
      "expire_date": "2026-04-29T17:36:55.907Z"
    }
  },
  {
    "model": "sessions.session",
    "pk": "nbk2r2owkpbw3x16zd2mg1bvudltdxcs",
    "fields": {
      "session_data": ".eJxVjM0OwiAQhN-FsyF1Kbh49N5nIMvPStVAUtqT8d2lSQ96m8z3zbyFo23NbmtpcXMUV3EWp9_OU3imsoP4oHKvMtSyLrOXuyIP2uRUY3rdDvfvIFPLfR2MJUVGRyAPYMAq0EzeYM-Bx4vtYUTDigmThwGtZgyatY00ICXx-QLUOje7:1w9lsU:BzHXPV5iD532mh9jtB_Hob8UjM6OBZO7eoPFuNISa1M",
      "expire_date": "2026-04-20T15:28:38.203Z"
    }
  },
  {
    "model": "sessions.session",
    "pk": "rxhfdfokbq9eyey0e5lrzn3gktxedyss",
    "fields": {
      "session_data": ".eJxVjDkOwyAURO9CHSG2z5Iyvc-AgA_BSQSSsasod48tuUiaKea9mTfxYVur30Ze_IzkSji5_HYxpGduB8BHaPdOU2_rMkd6KPSkg04d8-t2un8HNYy6rzOCEKwE4ABWoXJRo3MxGaahAJfSpixQCA4B94AimTEZGAMNySpGPl_JLTas:1wE5Pb:8INghkFmQWI7CdQtHHVnOo25X7Y46j7fNy2kq-u7y7s",
      "expire_date": "2026-05-02T13:08:39.211Z"
    }
  },
  {
    "model": "core.userprofile",
    "pk": 1,
    "fields": {
      "user": 2,
      "role": "student"
    }
  },
  {
    "model": "core.userprofile",
    "pk": 2,
    "fields": {
      "user": 3,
      "role": "teacher"
    }
  },
  {
    "model": "core.userprofile",
    "pk": 3,
    "fields": {
      "user": 4,
      "role": "teacher"
    }
  },
  {
    "model": "core.userprofile",
    "pk": 4,
    "fields": {
      "user": 5,
      "role": "teacher"
    }
  },
  {
    "model": "core.userprofile",
    "pk": 5,
    "fields": {
      "user": 6,
      "role": "teacher"
    }
  },
  {
    "model": "core.resource",
    "pk": 1,
    "fields": {
      "name": "Аудиторія 325",
      "resource_type": "room",
      "department": "ipz",
      "description": "Аудиторія з мультимедійним проектором із настінним екраном для демонстрації коду, схем архітектури ПЗ та презентацій.\r\nМаркерна дошка великого розміру для візуалізації алгоритмів та проектування баз даних під час обговорень.\r\nРобоче місце викладача, підключене до локальної мережі та системи керування мультимедіа.",
      "location": "Розташування: 3-й поверх головного навчального корпусу",
      "capacity": 35,
      "is_active": true,
      "created_at": "2026-03-21T01:28:08.887Z"
    }
  },
  {
    "model": "core.resource",
    "pk": 2,
    "fields": {
      "name": "Лабораторія 205",
      "resource_type": "lab",
      "department": "ist",
      "description": "Аудиторія з персональними комп'ютерами, швидкісним інтернетом, маркерною дошкою для розбору алгоритмів та кондиціонером для підтримки комфортної температури під час роботи техніки.",
      "location": "Розташування: 2-й поверх головного навчального корпусу",
      "capacity": 20,
      "is_active": true,
      "created_at": "2026-03-21T01:28:46.139Z"
    }
  },
  {
    "model": "core.resource",
    "pk": 4,
    "fields": {
      "name": "Конференц-зал",
      "resource_type": "conference_room",
      "department": "",
      "description": "Конфененц Зал",
      "location": "Корпус А, 1 поверх",
      "capacity": 150,
      "is_active": true,
      "created_at": "2026-03-22T18:40:17.895Z"
    }
  },
  {
    "model": "core.resource",
    "pk": 5,
    "fields": {
      "name": "Лабораторія 310",
      "resource_type": "lab",
      "department": "ipz",
      "description": "Аудиторія з проектором із настінним екраном для демонстрації коду, схем архітектури ПЗ та презентацій.\r\nМаркерна дошка великого розміру для візуалізації алгоритмів та проектування баз даних під час обговорень.",
      "location": "Розташування: 3-й поверх головного навчального корпусу",
      "capacity": 25,
      "is_active": true,
      "created_at": "2026-03-22T22:34:43.442Z"
    }
  },
  {
    "model": "core.resource",
    "pk": 6,
    "fields": {
      "name": "Аудиторія 225",
      "resource_type": "room",
      "department": "ist",
      "description": "Потужний мультимедійний проектор — з високою роздільною здатністю для чіткої демонстрації презентацій та складних схем.\r\nВеликий настінний екран — розташований по центру для максимальної видимості з останніх рядів.\r\nАудіосистема — вмонтовані колонки для якісного відтворення звуку під час відеопрезентацій або онлайн-лекцій.\r\nВелика аудиторна дошка — для детального розбору теоретичного матеріалу та математичних формул.\r\nТрибуна для доповідача — обладнана мікрофоном та підключенням до мережі.",
      "location": "Розташування: 2-й поверх головного навчального корпусу",
      "capacity": 50,
      "is_active": true,
      "created_at": "2026-03-28T23:48:43.529Z"
    }
  },
  {
    "model": "core.resource",
    "pk": 7,
    "fields": {
      "name": "Лабораторія 211",
      "resource_type": "lab",
      "department": "ist",
      "description": "Аудиторія з персональними комп'ютерами — кожне робоче місце студента обладнане ПК для виконання практичних завдань.\r\nМультимедійним проектором — дозволяє викладачу демонструвати екран свого монітора або презентаційні матеріали.\r\nМаркерною дошкою — для візуалізації алгоритмів та схем під час пояснення матеріалу.",
      "location": "Розташування: 2-й поверх головного навчального корпусу",
      "capacity": 25,
      "is_active": true,
      "created_at": "2026-03-28T23:49:16.227Z"
    }
  },
  {
    "model": "core.resource",
    "pk": 8,
    "fields": {
      "name": "Лабораторія 326",
      "resource_type": "lab",
      "department": "ipz",
      "description": "Комп'ютерний клас з проектором та дошками, підключений до локальної мережі університету з високошвидкісним доступом до Інтернету.\r\nОбладнання дозволяє працювати з середовищами розробки (IDE), такими як IntelliJ IDEA, Visual Studio та Eclipse.\r\nПриміщення часто використовується для захисту курсових проектів та проведення хакатонів завдяки зручному плануванню для командної роботи.",
      "location": "Знаходиться на 3-му поверсі головного навчального корпусу",
      "capacity": 25,
      "is_active": true,
      "created_at": "2026-04-06T15:42:03.029Z"
    }
  },
  {
    "model": "core.resource",
    "pk": 9,
    "fields": {
      "name": "Лабораторія 221",
      "resource_type": "lab",
      "department": "kn",
      "description": "Аудиторія з доступом до віддалених серверних потужностей, сучасними ПК для розгортання віртуальних машин, мультимедійним проектором та ліцензійним ПЗ від партнерів для вивчення архітектури хмарних сервісів.",
      "location": "Розташування: 2-й поверх головного навчального корпусу",
      "capacity": 25,
      "is_active": true,
      "created_at": "2026-04-06T16:19:11.041Z"
    }
  },
  {
    "model": "core.resource",
    "pk": 10,
    "fields": {
      "name": "Лабораторія 132",
      "resource_type": "lab",
      "department": "kn",
      "description": "Аудиторія з професійним мережевим та серверним обладнанням HP, великим демонстраційним екраном, кондиціонером та спеціалізованими стендами для тестування високонавантажених програмних систем.",
      "location": "Розташування: 1-й поверх головного навчального корпусу",
      "capacity": 25,
      "is_active": true,
      "created_at": "2026-04-06T16:19:56.363Z"
    }
  },
  {
    "model": "core.resource",
    "pk": 11,
    "fields": {
      "name": "Лабораторія 419",
      "resource_type": "lab",
      "department": "ist",
      "description": "Аудиторія з мікроконтролерами (Arduino, Raspberry Pi), наборами датчиків, антенами для бездротового зв’язку та робочими станціями для розробки систем Інтернету речей.",
      "location": "Розташування: 4-й поверх головного навчального корпусу",
      "capacity": 20,
      "is_active": true,
      "created_at": "2026-04-06T16:25:17.502Z"
    }
  },
  {
    "model": "core.resource",
    "pk": 12,
    "fields": {
      "name": "Лабораторія 413",
      "resource_type": "lab",
      "department": "kn",
      "description": "Аудиторія з персональними комп'ютерами, маркерною дошкою та встановленим ПЗ для математичного моделювання (MATLAB, Python-бібліотеки для Data Science) та проектування складних систем.",
      "location": "Розташування: 4-й поверх головного навчального корпусу.",
      "capacity": 20,
      "is_active": true,
      "created_at": "2026-04-06T17:11:56.625Z"
    }
  },
  {
    "model": "core.resource",
    "pk": 13,
    "fields": {
      "name": "Лабораторія 410",
      "resource_type": "lab",
      "department": "ai",
      "description": "Аудиторія з персональними комп'ютерами, оснащеними відеокартами для навчання нейромереж, мультимедійним проектором та встановленими фреймворками для Deep Learning (TensorFlow, PyTorch).",
      "location": "Розташування: 4-й поверх головного навчального корпусу.",
      "capacity": 20,
      "is_active": true,
      "created_at": "2026-04-06T17:21:01.719Z"
    }
  },
  {
    "model": "core.resource",
    "pk": 14,
    "fields": {
      "name": "Лабораторія 411",
      "resource_type": "lab",
      "department": "ai",
      "description": "Аудиторія з робочими станціями для обробки великих масивів даних (Big Data), маркерною дошкою для візуалізації архітектур нейромереж та швидкісним доступом до мережі Інтернет.",
      "location": "Розташування: 4-й поверх головного навчального корпусу.",
      "capacity": 20,
      "is_active": true,
      "created_at": "2026-04-06T17:21:39.363Z"
    }
  },
  {
    "model": "core.resource",
    "pk": 15,
    "fields": {
      "name": "Лабораторія 404",
      "resource_type": "lab",
      "department": "ai",
      "description": "Загальна лабораторія кафедри з сучасними ПК, де студенти відпрацьовують навички програмування на Python та розробляють інтелектуальних агентів.",
      "location": "Розташування: 4-й поверх головного навчального корпусу.",
      "capacity": 25,
      "is_active": true,
      "created_at": "2026-04-06T17:22:18.371Z"
    }
  },
  {
    "model": "core.resource",
    "pk": 16,
    "fields": {
      "name": "NVIDIA Jetson AGX Xavier",
      "resource_type": "equipment",
      "department": "ai",
      "description": "Потужні автономні модулі, за допомогою яких можна легко створювати і переносити в реальні проєкти комплексні програми для робототехніки, промислового виробництва та інтелектуальних міст. Висока продуктивність дозволяє обробляти дані ШІ в реальному часі.",
      "location": "Місцезнаходження: Лабораторія №410 (Систем ШІ)",
      "capacity": 1,
      "is_active": true,
      "created_at": "2026-04-06T17:28:03.886Z"
    }
  },
  {
    "model": "core.resource",
    "pk": 17,
    "fields": {
      "name": "Waveshare JetRacer Pro AI Kit",
      "resource_type": "equipment",
      "department": "ai",
      "description": "Професійний конструктор для вивчення автономного водіння та паралельної роботи багатьох алгоритмів штучного інтелекту в реальному часі.",
      "location": "Місцезнаходження: Лабораторія №410.",
      "capacity": 1,
      "is_active": true,
      "created_at": "2026-04-06T17:28:56.706Z"
    }
  },
  {
    "model": "core.resource",
    "pk": 19,
    "fields": {
      "name": "NVIDIA Jetson Nano",
      "resource_type": "equipment",
      "department": "ai",
      "description": "Аудиторія з потужними автономними модулями, за допомогою яких можна легко створювати і переносити в реальні проєкти комплексні програми для робототехніки, промислового виробництва та інтелектуальних міст. Висока продуктивність дозволяє обробляти дані ШІ в реальному часі.",
      "location": "Лабораторія №410 (Систем ШІ)",
      "capacity": 1,
      "is_active": true,
      "created_at": "2026-04-06T17:29:54.214Z"
    }
  },
  {
    "model": "core.resource",
    "pk": 20,
    "fields": {
      "name": "Arduino (Starter Kit)",
      "resource_type": "equipment",
      "department": "kn",
      "description": "Набор Arduino, що включають мікроконтролер, набір датчиків (температури, руху, вологості), світлодіоди та макетні плати. Призначений для швидкого прототипування електронних пристроїв та вивчення основ взаємодії \"заліза\" з кодом.",
      "location": "Місцезнаходження: Лабораторія №413",
      "capacity": 1,
      "is_active": true,
      "created_at": "2026-04-06T18:01:18.935Z"
    }
  },
  {
    "model": "core.booking",
    "pk": 70,
    "fields": {
      "resource": 1,
      "user": 3,
      "start_time": "2026-03-29T08:00:00Z",
      "end_time": "2026-03-29T09:20:00Z",
      "status": "approved",
      "created_at": "2026-03-29T01:14:32.556Z"
    }
  },
  {
    "model": "core.booking",
    "pk": 71,
    "fields": {
      "resource": 1,
      "user": 3,
      "start_time": "2026-03-29T09:30:00Z",
      "end_time": "2026-03-29T10:50:00Z",
      "status": "approved",
      "created_at": "2026-03-29T01:14:34.141Z"
    }
  },
  {
    "model": "core.booking",
    "pk": 72,
    "fields": {
      "resource": 1,
      "user": 3,
      "start_time": "2026-03-29T11:10:00Z",
      "end_time": "2026-03-29T12:30:00Z",
      "status": "approved",
      "created_at": "2026-03-29T01:14:35.568Z"
    }
  },
  {
    "model": "core.booking",
    "pk": 81,
    "fields": {
      "resource": 5,
      "user": 3,
      "start_time": "2026-04-01T08:00:00Z",
      "end_time": "2026-04-01T09:20:00Z",
      "status": "approved",
      "created_at": "2026-03-29T02:30:24.432Z"
    }
  },
  {
    "model": "core.booking",
    "pk": 82,
    "fields": {
      "resource": 5,
      "user": 3,
      "start_time": "2026-03-29T08:00:00Z",
      "end_time": "2026-03-29T09:20:00Z",
      "status": "approved",
      "created_at": "2026-03-29T02:30:31.819Z"
    }
  },
  {
    "model": "core.booking",
    "pk": 83,
    "fields": {
      "resource": 5,
      "user": 3,
      "start_time": "2026-04-02T08:00:00Z",
      "end_time": "2026-04-02T09:20:00Z",
      "status": "approved",
      "created_at": "2026-03-29T02:30:41.073Z"
    }
  },
  {
    "model": "core.booking",
    "pk": 84,
    "fields": {
      "resource": 5,
      "user": 3,
      "start_time": "2026-03-31T09:30:00Z",
      "end_time": "2026-03-31T10:50:00Z",
      "status": "approved",
      "created_at": "2026-03-29T02:30:46.353Z"
    }
  },
  {
    "model": "core.booking",
    "pk": 85,
    "fields": {
      "resource": 5,
      "user": 3,
      "start_time": "2026-03-28T08:00:00Z",
      "end_time": "2026-03-28T09:20:00Z",
      "status": "approved",
      "created_at": "2026-03-29T02:31:12.316Z"
    }
  },
  {
    "model": "core.booking",
    "pk": 86,
    "fields": {
      "resource": 5,
      "user": 3,
      "start_time": "2026-03-28T11:10:00Z",
      "end_time": "2026-03-28T12:30:00Z",
      "status": "approved",
      "created_at": "2026-03-29T02:31:14.188Z"
    }
  },
  {
    "model": "core.booking",
    "pk": 87,
    "fields": {
      "resource": 1,
      "user": 3,
      "start_time": "2026-03-30T08:00:00Z",
      "end_time": "2026-03-30T09:20:00Z",
      "status": "approved",
      "created_at": "2026-03-30T08:43:44.438Z"
    }
  },
  {
    "model": "core.booking",
    "pk": 88,
    "fields": {
      "resource": 4,
      "user": 3,
      "start_time": "2026-03-30T11:10:00Z",
      "end_time": "2026-03-30T12:30:00Z",
      "status": "rejected",
      "created_at": "2026-03-30T08:44:31.256Z"
    }
  },
  {
    "model": "core.booking",
    "pk": 89,
    "fields": {
      "resource": 1,
      "user": 3,
      "start_time": "2026-03-29T14:10:00Z",
      "end_time": "2026-03-29T15:30:00Z",
      "status": "approved",
      "created_at": "2026-03-30T08:47:36.651Z"
    }
  },
  {
    "model": "core.booking",
    "pk": 90,
    "fields": {
      "resource": 6,
      "user": 3,
      "start_time": "2026-04-05T08:00:00Z",
      "end_time": "2026-04-05T09:20:00Z",
      "status": "approved",
      "created_at": "2026-04-05T19:34:10.591Z"
    }
  },
  {
    "model": "core.activitylog",
    "pk": 1,
    "fields": {
      "user": 1,
      "action_type": "create_booking",
      "object_type": "booking",
      "object_id": 34,
      "description": "Швидко створено бронювання ресурсу 'Аудиторія 101' на пару 1 (2026-03-28 08:00:00+00:00 - 2026-03-28 09:20:00+00:00).",
      "created_at": "2026-03-28T00:29:48.430Z"
    }
  },
  {
    "model": "core.activitylog",
    "pk": 2,
    "fields": {
      "user": 1,
      "action_type": "create_booking",
      "object_type": "booking",
      "object_id": 35,
      "description": "Швидко створено бронювання ресурсу 'Аудиторія 101' на пару 3 (2026-03-28 11:10:00+00:00 - 2026-03-28 12:30:00+00:00).",
      "created_at": "2026-03-28T00:29:50.771Z"
    }
  },
  {
    "model": "core.activitylog",
    "pk": 3,
    "fields": {
      "user": 1,
      "action_type": "create_booking",
      "object_type": "booking",
      "object_id": 36,
      "description": "Швидко створено бронювання ресурсу 'Аудиторія 101' на пару 5 (2026-03-28 14:10:00+00:00 - 2026-03-28 15:30:00+00:00).",
      "created_at": "2026-03-28T00:29:52.046Z"
    }
  },
  {
    "model": "core.activitylog",
    "pk": 4,
    "fields": {
      "user": 1,
      "action_type": "create_booking",
      "object_type": "booking",
      "object_id": 37,
      "description": "Швидко створено бронювання ресурсу 'Аудиторія 101' на пару 7 (2026-03-28 17:10:00+00:00 - 2026-03-28 18:30:00+00:00).",
      "created_at": "2026-03-28T00:29:53.895Z"
    }
  },
  {
    "model": "core.activitylog",
    "pk": 5,
    "fields": {
      "user": 1,
      "action_type": "delete_booking",
      "object_type": "booking",
      "object_id": 37,
      "description": "Видалено бронювання ресурсу 'Аудиторія 101' з 2026-03-28 17:10:00+00:00 до 2026-03-28 18:30:00+00:00.",
      "created_at": "2026-03-28T00:30:13.123Z"
    }
  },
  {
    "model": "core.activitylog",
    "pk": 6,
    "fields": {
      "user": 1,
      "action_type": "delete_booking",
      "object_type": "booking",
      "object_id": 36,
      "description": "Видалено бронювання ресурсу 'Аудиторія 101' з 2026-03-28 14:10:00+00:00 до 2026-03-28 15:30:00+00:00.",
      "created_at": "2026-03-28T00:30:13.949Z"
    }
  },
  {
    "model": "core.activitylog",
    "pk": 7,
    "fields": {
      "user": 1,
      "action_type": "delete_booking",
      "object_type": "booking",
      "object_id": 35,
      "description": "Видалено бронювання ресурсу 'Аудиторія 101' з 2026-03-28 11:10:00+00:00 до 2026-03-28 12:30:00+00:00.",
      "created_at": "2026-03-28T00:30:14.417Z"
    }
  },
  {
    "model": "core.activitylog",
    "pk": 8,
    "fields": {
      "user": 1,
      "action_type": "delete_booking",
      "object_type": "booking",
      "object_id": 34,
      "description": "Видалено бронювання ресурсу 'Аудиторія 101' з 2026-03-28 08:00:00+00:00 до 2026-03-28 09:20:00+00:00.",
      "created_at": "2026-03-28T00:30:14.886Z"
    }
  },
  {
    "model": "core.activitylog",
    "pk": 9,
    "fields": {
      "user": 1,
      "action_type": "delete_booking",
      "object_type": "booking",
      "object_id": 33,
      "description": "Видалено бронювання ресурсу 'Аудиторія 101' з 2026-03-27 18:40:00+00:00 до 2026-03-27 20:00:00+00:00.",
      "created_at": "2026-03-28T00:30:15.246Z"
    }
  },
  {
    "model": "core.activitylog",
    "pk": 10,
    "fields": {
      "user": 1,
      "action_type": "delete_booking",
      "object_type": "booking",
      "object_id": 32,
      "description": "Видалено бронювання ресурсу 'Аудиторія 101' з 2026-03-27 17:10:00+00:00 до 2026-03-27 18:30:00+00:00.",
      "created_at": "2026-03-28T00:30:15.698Z"
    }
  },
  {
    "model": "core.activitylog",
    "pk": 11,
    "fields": {
      "user": 1,
      "action_type": "delete_booking",
      "object_type": "booking",
      "object_id": 31,
      "description": "Видалено бронювання ресурсу 'Аудиторія 111' з 2026-03-27 15:40:00+00:00 до 2026-03-27 17:00:00+00:00.",
      "created_at": "2026-03-28T00:30:16.639Z"
    }
  },
  {
    "model": "core.activitylog",
    "pk": 12,
    "fields": {
      "user": 1,
      "action_type": "create_booking",
      "object_type": "booking",
      "object_id": 38,
      "description": "Швидко створено бронювання ресурсу 'Аудиторія 111' на пару 1 (2026-03-25 08:00:00+00:00 - 2026-03-25 09:20:00+00:00).",
      "created_at": "2026-03-28T00:30:46.687Z"
    }
  },
  {
    "model": "core.activitylog",
    "pk": 13,
    "fields": {
      "user": 1,
      "action_type": "create_booking",
      "object_type": "booking",
      "object_id": 39,
      "description": "Швидко створено бронювання ресурсу 'Аудиторія 111' на пару 2 (2026-03-28 09:30:00+00:00 - 2026-03-28 10:50:00+00:00).",
      "created_at": "2026-03-28T00:30:49.998Z"
    }
  },
  {
    "model": "core.activitylog",
    "pk": 14,
    "fields": {
      "user": 3,
      "action_type": "login",
      "object_type": "user",
      "object_id": 3,
      "description": "Користувач teacher увійшов у систему.",
      "created_at": "2026-03-28T00:31:11.568Z"
    }
  },
  {
    "model": "core.activitylog",
    "pk": 15,
    "fields": {
      "user": 3,
      "action_type": "create_booking",
      "object_type": "booking",
      "object_id": 40,
      "description": "Швидко створено бронювання ресурсу 'Аудиторія 101' на пару 2 (2026-03-28 09:30:00+00:00 - 2026-03-28 10:50:00+00:00).",
      "created_at": "2026-03-28T00:31:16.441Z"
    }
  },
  {
    "model": "core.activitylog",
    "pk": 16,
    "fields": {
      "user": 3,
      "action_type": "create_booking",
      "object_type": "booking",
      "object_id": 41,
      "description": "Швидко створено бронювання ресурсу 'Аудиторія 101' на пару 4 (2026-03-28 12:40:00+00:00 - 2026-03-28 14:00:00+00:00).",
      "created_at": "2026-03-28T00:31:22.489Z"
    }
  },
  {
    "model": "core.activitylog",
    "pk": 17,
    "fields": {
      "user": 3,
      "action_type": "create_booking",
      "object_type": "booking",
      "object_id": 42,
      "description": "Швидко створено бронювання ресурсу 'Аудиторія 101' на пару 1 (2026-03-28 08:00:00+00:00 - 2026-03-28 09:20:00+00:00).",
      "created_at": "2026-03-28T00:51:57.426Z"
    }
  },
  {
    "model": "core.activitylog",
    "pk": 18,
    "fields": {
      "user": 3,
      "action_type": "create_booking",
      "object_type": "booking",
      "object_id": 43,
      "description": "Швидко створено бронювання ресурсу 'Аудиторія 101' на пару 1 (2026-03-25 08:00:00+00:00 - 2026-03-25 09:20:00+00:00).",
      "created_at": "2026-03-28T00:52:15.931Z"
    }
  },
  {
    "model": "core.activitylog",
    "pk": 19,
    "fields": {
      "user": 1,
      "action_type": "login",
      "object_type": "user",
      "object_id": 1,
      "description": "Користувач admin увійшов у систему.",
      "created_at": "2026-03-28T01:21:41.941Z"
    }
  },
  {
    "model": "core.activitylog",
    "pk": 20,
    "fields": {
      "user": 3,
      "action_type": "login",
      "object_type": "user",
      "object_id": 3,
      "description": "Користувач teacher увійшов у систему.",
      "created_at": "2026-03-28T01:22:19.080Z"
    }
  },
  {
    "model": "core.activitylog",
    "pk": 21,
    "fields": {
      "user": 1,
      "action_type": "login",
      "object_type": "user",
      "object_id": 1,
      "description": "Користувач admin увійшов у систему.",
      "created_at": "2026-03-28T03:01:37.846Z"
    }
  },
  {
    "model": "core.activitylog",
    "pk": 22,
    "fields": {
      "user": 1,
      "action_type": "create_booking",
      "object_type": "booking",
      "object_id": 44,
      "description": "Швидко створено бронювання ресурсу 'Конференц-зал' на пару 1 (2026-03-28 08:00:00+00:00 - 2026-03-28 09:20:00+00:00).",
      "created_at": "2026-03-28T03:01:57.604Z"
    }
  },
  {
    "model": "core.activitylog",
    "pk": 23,
    "fields": {
      "user": 1,
      "action_type": "approve_booking",
      "object_type": "booking",
      "object_id": 44,
      "description": "Адміністратор підтвердив бронювання ресурсу 'Конференц-зал' з 2026-03-28 08:00:00+00:00 до 2026-03-28 09:20:00+00:00.",
      "created_at": "2026-03-28T03:02:00.217Z"
    }
  },
  {
    "model": "core.activitylog",
    "pk": 24,
    "fields": {
      "user": 2,
      "action_type": "login",
      "object_type": "user",
      "object_id": 2,
      "description": "Користувач lorents.vy увійшов у систему.",
      "created_at": "2026-03-28T03:03:11.928Z"
    }
  },
  {
    "model": "core.activitylog",
    "pk": 25,
    "fields": {
      "user": 3,
      "action_type": "login",
      "object_type": "user",
      "object_id": 3,
      "description": "Користувач teacher увійшов у систему.",
      "created_at": "2026-03-28T03:06:00.704Z"
    }
  },
  {
    "model": "core.actionlog",
    "pk": 1,
    "fields": {
      "user": 3,
      "action_type": "cancel_booking",
      "object_type": "booking",
      "object_repr": "Аудиторія 101 | 28.03.2026 12:40 - 14:00",
      "description": "Користувач teacher скасував бронювання ресурсу \"Аудиторія 101\".",
      "created_at": "2026-03-28T04:30:23.769Z"
    }
  },
  {
    "model": "core.actionlog",
    "pk": 2,
    "fields": {
      "user": 3,
      "action_type": "create_booking",
      "object_type": "booking",
      "object_repr": "Аудиторія 101 | 28.03.2026 11:10 - 12:30",
      "description": "Швидке бронювання пари 3 для ресурсу \"Аудиторія 101\" користувачем teacher.",
      "created_at": "2026-03-28T04:31:13.137Z"
    }
  },
  {
    "model": "core.actionlog",
    "pk": 3,
    "fields": {
      "user": 3,
      "action_type": "create_booking",
      "object_type": "booking",
      "object_repr": "Аудиторія 101 | 28.03.2026 12:40 - 14:00",
      "description": "Швидке бронювання пари 4 для ресурсу \"Аудиторія 101\" користувачем teacher.",
      "created_at": "2026-03-28T04:31:21.839Z"
    }
  },
  {
    "model": "core.actionlog",
    "pk": 4,
    "fields": {
      "user": 3,
      "action_type": "cancel_booking",
      "object_type": "booking",
      "object_repr": "Аудиторія 101 | 28.03.2026 12:40 - 14:00",
      "description": "Користувач teacher скасував бронювання ресурсу \"Аудиторія 101\".",
      "created_at": "2026-03-28T04:31:30.714Z"
    }
  },
  {
    "model": "core.actionlog",
    "pk": 5,
    "fields": {
      "user": 3,
      "action_type": "cancel_booking",
      "object_type": "booking",
      "object_repr": "Аудиторія 101 | 28.03.2026 11:10 - 12:30",
      "description": "Користувач teacher скасував бронювання ресурсу \"Аудиторія 101\".",
      "created_at": "2026-03-28T04:31:33.836Z"
    }
  },
  {
    "model": "core.actionlog",
    "pk": 6,
    "fields": {
      "user": 3,
      "action_type": "logout",
      "object_type": "auth",
      "object_repr": "Вихід із системи",
      "description": "Користувач teacher вийшов із системи.",
      "created_at": "2026-03-28T04:31:59.124Z"
    }
  },
  {
    "model": "core.actionlog",
    "pk": 7,
    "fields": {
      "user": 1,
      "action_type": "login",
      "object_type": "auth",
      "object_repr": "Вхід у систему",
      "description": "Користувач admin увійшов у систему.",
      "created_at": "2026-03-28T04:32:07.476Z"
    }
  },
  {
    "model": "core.actionlog",
    "pk": 8,
    "fields": {
      "user": 1,
      "action_type": "cancel_booking",
      "object_type": "booking",
      "object_repr": "Аудиторія 111 | 28.03.2026 09:30 - 10:50",
      "description": "Користувач admin скасував бронювання ресурсу \"Аудиторія 111\".",
      "created_at": "2026-03-28T04:54:12.993Z"
    }
  },
  {
    "model": "core.actionlog",
    "pk": 9,
    "fields": {
      "user": 1,
      "action_type": "logout",
      "object_type": "auth",
      "object_repr": "Вихід із системи",
      "description": "Користувач admin вийшов із системи.",
      "created_at": "2026-03-28T04:56:40.581Z"
    }
  },
  {
    "model": "core.actionlog",
    "pk": 10,
    "fields": {
      "user": 3,
      "action_type": "login",
      "object_type": "auth",
      "object_repr": "Вхід у систему",
      "description": "Користувач teacher увійшов у систему.",
      "created_at": "2026-03-28T04:59:36.627Z"
    }
  },
  {
    "model": "core.actionlog",
    "pk": 11,
    "fields": {
      "user": 3,
      "action_type": "cancel_booking",
      "object_type": "booking",
      "object_repr": "Аудиторія 101 | 28.03.2026 09:30 - 10:50",
      "description": "Користувач teacher скасував бронювання ресурсу \"Аудиторія 101\".",
      "created_at": "2026-03-28T05:11:55.491Z"
    }
  },
  {
    "model": "core.actionlog",
    "pk": 12,
    "fields": {
      "user": 3,
      "action_type": "delete_booking",
      "object_type": "booking",
      "object_repr": "Аудиторія 101 | 28.03.2026 12:40 - 14:00",
      "description": "Користувач teacher видалив бронювання ресурсу \"Аудиторія 101\".",
      "created_at": "2026-03-28T05:11:58.546Z"
    }
  },
  {
    "model": "core.actionlog",
    "pk": 13,
    "fields": {
      "user": 3,
      "action_type": "delete_booking",
      "object_type": "booking",
      "object_repr": "Аудиторія 101 | 28.03.2026 08:00 - 09:20",
      "description": "Користувач teacher видалив бронювання ресурсу \"Аудиторія 101\".",
      "created_at": "2026-03-28T05:12:01.933Z"
    }
  },
  {
    "model": "core.actionlog",
    "pk": 14,
    "fields": {
      "user": 3,
      "action_type": "delete_booking",
      "object_type": "booking",
      "object_repr": "Аудиторія 101 | 27.03.2026 11:10 - 12:30",
      "description": "Користувач teacher видалив бронювання ресурсу \"Аудиторія 101\".",
      "created_at": "2026-03-28T16:19:00.523Z"
    }
  },
  {
    "model": "core.actionlog",
    "pk": 15,
    "fields": {
      "user": 3,
      "action_type": "create_booking",
      "object_type": "booking",
      "object_repr": "Аудиторія 101 | 28.03.2026 08:28 - 09:00",
      "description": "Створено бронювання ресурсу \"Аудиторія 101\" користувачем teacher.",
      "created_at": "2026-03-28T16:29:18.507Z"
    }
  },
  {
    "model": "core.actionlog",
    "pk": 16,
    "fields": {
      "user": 3,
      "action_type": "create_booking",
      "object_type": "booking",
      "object_repr": "Аудиторія 111 | 28.03.2026 09:30 - 10:50",
      "description": "Швидке бронювання пари 2 для ресурсу \"Аудиторія 111\" користувачем teacher.",
      "created_at": "2026-03-28T16:32:50.348Z"
    }
  },
  {
    "model": "core.actionlog",
    "pk": 17,
    "fields": {
      "user": 3,
      "action_type": "create_booking",
      "object_type": "booking",
      "object_repr": "Аудиторія 111 | 28.03.2026 18:40 - 20:00",
      "description": "Швидке бронювання пари 8 для ресурсу \"Аудиторія 111\" користувачем teacher.",
      "created_at": "2026-03-28T16:32:59.969Z"
    }
  },
  {
    "model": "core.actionlog",
    "pk": 18,
    "fields": {
      "user": 3,
      "action_type": "logout",
      "object_type": "auth",
      "object_repr": "Вихід із системи",
      "description": "Користувач teacher вийшов із системи.",
      "created_at": "2026-03-28T16:38:54.322Z"
    }
  },
  {
    "model": "core.actionlog",
    "pk": 19,
    "fields": {
      "user": 1,
      "action_type": "login",
      "object_type": "auth",
      "object_repr": "Вхід у систему",
      "description": "Користувач admin увійшов у систему.",
      "created_at": "2026-03-28T16:39:03.549Z"
    }
  },
  {
    "model": "core.actionlog",
    "pk": 20,
    "fields": {
      "user": 1,
      "action_type": "create_booking",
      "object_type": "booking",
      "object_repr": "Аудиторія 101 | 28.03.2026 15:40 - 17:00",
      "description": "Швидке бронювання пари 6 для ресурсу \"Аудиторія 101\" користувачем admin.",
      "created_at": "2026-03-28T17:05:20.542Z"
    }
  },
  {
    "model": "core.actionlog",
    "pk": 21,
    "fields": {
      "user": 1,
      "action_type": "delete_booking",
      "object_type": "booking",
      "object_repr": "Аудиторія 101 | 28.03.2026 15:40 - 17:00",
      "description": "Користувач admin видалив бронювання ресурсу \"Аудиторія 101\".",
      "created_at": "2026-03-28T17:37:02.305Z"
    }
  },
  {
    "model": "core.actionlog",
    "pk": 22,
    "fields": {
      "user": 1,
      "action_type": "delete_booking",
      "object_type": "booking",
      "object_repr": "Аудиторія 111 | 28.03.2026 09:30 - 10:50",
      "description": "Користувач admin видалив бронювання ресурсу \"Аудиторія 111\".",
      "created_at": "2026-03-28T17:37:04.000Z"
    }
  },
  {
    "model": "core.actionlog",
    "pk": 23,
    "fields": {
      "user": 1,
      "action_type": "delete_booking",
      "object_type": "booking",
      "object_repr": "Конференц-зал | 28.03.2026 08:00 - 09:20",
      "description": "Користувач admin видалив бронювання ресурсу \"Конференц-зал\".",
      "created_at": "2026-03-28T17:37:06.087Z"
    }
  },
  {
    "model": "core.actionlog",
    "pk": 24,
    "fields": {
      "user": 1,
      "action_type": "delete_booking",
      "object_type": "booking",
      "object_repr": "Аудиторія 111 | 25.03.2026 08:00 - 09:20",
      "description": "Користувач admin видалив бронювання ресурсу \"Аудиторія 111\".",
      "created_at": "2026-03-28T17:37:07.438Z"
    }
  },
  {
    "model": "core.actionlog",
    "pk": 25,
    "fields": {
      "user": 1,
      "action_type": "create_booking",
      "object_type": "booking",
      "object_repr": "Аудиторія 101 | 28.03.2026 12:40 - 14:00",
      "description": "Швидке бронювання пари 4 для ресурсу \"Аудиторія 101\" користувачем admin.",
      "created_at": "2026-03-28T17:37:22.174Z"
    }
  },
  {
    "model": "core.actionlog",
    "pk": 26,
    "fields": {
      "user": 1,
      "action_type": "create_booking",
      "object_type": "booking",
      "object_repr": "Аудиторія 111 | 28.03.2026 14:10 - 15:30",
      "description": "Швидке бронювання пари 5 для ресурсу \"Аудиторія 111\" користувачем admin.",
      "created_at": "2026-03-28T17:42:29.693Z"
    }
  },
  {
    "model": "core.actionlog",
    "pk": 27,
    "fields": {
      "user": 1,
      "action_type": "create_booking",
      "object_type": "booking",
      "object_repr": "Аудиторія 101 | 28.03.2026 15:40 - 17:00",
      "description": "Швидке бронювання пари 6 для ресурсу \"Аудиторія 101\" користувачем admin.",
      "created_at": "2026-03-28T18:07:57.351Z"
    }
  },
  {
    "model": "core.actionlog",
    "pk": 28,
    "fields": {
      "user": 1,
      "action_type": "delete_booking",
      "object_type": "booking",
      "object_repr": "Аудиторія 101 | 28.03.2026 15:40 - 17:00",
      "description": "Користувач admin видалив бронювання ресурсу \"Аудиторія 101\".",
      "created_at": "2026-03-28T18:08:09.401Z"
    }
  },
  {
    "model": "core.actionlog",
    "pk": 29,
    "fields": {
      "user": 1,
      "action_type": "delete_booking",
      "object_type": "booking",
      "object_repr": "Аудиторія 111 | 28.03.2026 14:10 - 15:30",
      "description": "Користувач admin видалив бронювання ресурсу \"Аудиторія 111\".",
      "created_at": "2026-03-28T18:08:11.491Z"
    }
  },
  {
    "model": "core.actionlog",
    "pk": 30,
    "fields": {
      "user": 1,
      "action_type": "delete_booking",
      "object_type": "booking",
      "object_repr": "Аудиторія 101 | 28.03.2026 12:40 - 14:00",
      "description": "Користувач admin видалив бронювання ресурсу \"Аудиторія 101\".",
      "created_at": "2026-03-28T18:08:13.542Z"
    }
  },
  {
    "model": "core.actionlog",
    "pk": 31,
    "fields": {
      "user": 1,
      "action_type": "logout",
      "object_type": "auth",
      "object_repr": "Вихід із системи",
      "description": "Користувач admin вийшов із системи.",
      "created_at": "2026-03-28T18:08:14.849Z"
    }
  },
  {
    "model": "core.actionlog",
    "pk": 32,
    "fields": {
      "user": 3,
      "action_type": "login",
      "object_type": "auth",
      "object_repr": "Вхід у систему",
      "description": "Користувач teacher увійшов у систему.",
      "created_at": "2026-03-28T18:08:25.568Z"
    }
  },
  {
    "model": "core.actionlog",
    "pk": 33,
    "fields": {
      "user": 3,
      "action_type": "delete_booking",
      "object_type": "booking",
      "object_repr": "Аудиторія 111 | 28.03.2026 18:40 - 20:00",
      "description": "Користувач teacher видалив бронювання ресурсу \"Аудиторія 111\".",
      "created_at": "2026-03-28T18:08:54.069Z"
    }
  },
  {
    "model": "core.actionlog",
    "pk": 34,
    "fields": {
      "user": 3,
      "action_type": "delete_booking",
      "object_type": "booking",
      "object_repr": "Аудиторія 101 | 28.03.2026 12:40 - 14:00",
      "description": "Користувач teacher видалив бронювання ресурсу \"Аудиторія 101\".",
      "created_at": "2026-03-28T18:08:56.188Z"
    }
  },
  {
    "model": "core.actionlog",
    "pk": 35,
    "fields": {
      "user": 3,
      "action_type": "delete_booking",
      "object_type": "booking",
      "object_repr": "Аудиторія 101 | 28.03.2026 11:10 - 12:30",
      "description": "Користувач teacher видалив бронювання ресурсу \"Аудиторія 101\".",
      "created_at": "2026-03-28T18:08:58.233Z"
    }
  },
  {
    "model": "core.actionlog",
    "pk": 36,
    "fields": {
      "user": 3,
      "action_type": "delete_booking",
      "object_type": "booking",
      "object_repr": "Аудиторія 111 | 28.03.2026 09:30 - 10:50",
      "description": "Користувач teacher видалив бронювання ресурсу \"Аудиторія 111\".",
      "created_at": "2026-03-28T18:09:00.208Z"
    }
  },
  {
    "model": "core.actionlog",
    "pk": 37,
    "fields": {
      "user": 3,
      "action_type": "delete_booking",
      "object_type": "booking",
      "object_repr": "Аудиторія 101 | 28.03.2026 09:30 - 10:50",
      "description": "Користувач teacher видалив бронювання ресурсу \"Аудиторія 101\".",
      "created_at": "2026-03-28T18:09:02.420Z"
    }
  },
  {
    "model": "core.actionlog",
    "pk": 38,
    "fields": {
      "user": 3,
      "action_type": "delete_booking",
      "object_type": "booking",
      "object_repr": "Аудиторія 101 | 28.03.2026 08:28 - 09:00",
      "description": "Користувач teacher видалив бронювання ресурсу \"Аудиторія 101\".",
      "created_at": "2026-03-28T18:09:04.576Z"
    }
  },
  {
    "model": "core.actionlog",
    "pk": 39,
    "fields": {
      "user": 3,
      "action_type": "delete_booking",
      "object_type": "booking",
      "object_repr": "Аудиторія 101 | 27.03.2026 15:40 - 17:00",
      "description": "Користувач teacher видалив бронювання ресурсу \"Аудиторія 101\".",
      "created_at": "2026-03-28T18:09:08.777Z"
    }
  },
  {
    "model": "core.actionlog",
    "pk": 40,
    "fields": {
      "user": 3,
      "action_type": "delete_booking",
      "object_type": "booking",
      "object_repr": "Аудиторія 101 | 27.03.2026 15:40 - 17:00",
      "description": "Користувач teacher видалив бронювання ресурсу \"Аудиторія 101\".",
      "created_at": "2026-03-28T18:09:11.126Z"
    }
  },
  {
    "model": "core.actionlog",
    "pk": 41,
    "fields": {
      "user": 3,
      "action_type": "delete_booking",
      "object_type": "booking",
      "object_repr": "Аудиторія 111 | 27.03.2026 14:10 - 15:30",
      "description": "Користувач teacher видалив бронювання ресурсу \"Аудиторія 111\".",
      "created_at": "2026-03-28T18:09:13.383Z"
    }
  },
  {
    "model": "core.actionlog",
    "pk": 42,
    "fields": {
      "user": 3,
      "action_type": "delete_booking",
      "object_type": "booking",
      "object_repr": "Аудиторія 101 | 27.03.2026 14:10 - 15:30",
      "description": "Користувач teacher видалив бронювання ресурсу \"Аудиторія 101\".",
      "created_at": "2026-03-28T18:09:17.741Z"
    }
  },
  {
    "model": "core.actionlog",
    "pk": 43,
    "fields": {
      "user": 3,
      "action_type": "delete_booking",
      "object_type": "booking",
      "object_repr": "Аудиторія 101 | 27.03.2026 12:40 - 14:00",
      "description": "Користувач teacher видалив бронювання ресурсу \"Аудиторія 101\".",
      "created_at": "2026-03-28T18:09:20.762Z"
    }
  },
  {
    "model": "core.actionlog",
    "pk": 44,
    "fields": {
      "user": 3,
      "action_type": "delete_booking",
      "object_type": "booking",
      "object_repr": "Аудиторія 101 | 27.03.2026 09:30 - 10:50",
      "description": "Користувач teacher видалив бронювання ресурсу \"Аудиторія 101\".",
      "created_at": "2026-03-28T18:09:25.287Z"
    }
  },
  {
    "model": "core.actionlog",
    "pk": 45,
    "fields": {
      "user": 3,
      "action_type": "delete_booking",
      "object_type": "booking",
      "object_repr": "Аудиторія 101 | 27.03.2026 08:00 - 09:20",
      "description": "Користувач teacher видалив бронювання ресурсу \"Аудиторія 101\".",
      "created_at": "2026-03-28T18:09:26.380Z"
    }
  },
  {
    "model": "core.actionlog",
    "pk": 46,
    "fields": {
      "user": 3,
      "action_type": "delete_booking",
      "object_type": "booking",
      "object_repr": "Конференц-зал | 27.03.2026 08:00 - 09:20",
      "description": "Користувач teacher видалив бронювання ресурсу \"Конференц-зал\".",
      "created_at": "2026-03-28T18:09:27.403Z"
    }
  },
  {
    "model": "core.actionlog",
    "pk": 47,
    "fields": {
      "user": 3,
      "action_type": "delete_booking",
      "object_type": "booking",
      "object_repr": "Аудиторія 101 | 25.03.2026 08:00 - 09:20",
      "description": "Користувач teacher видалив бронювання ресурсу \"Аудиторія 101\".",
      "created_at": "2026-03-28T18:09:29.800Z"
    }
  },
  {
    "model": "core.actionlog",
    "pk": 48,
    "fields": {
      "user": 3,
      "action_type": "delete_booking",
      "object_type": "booking",
      "object_repr": "Аудиторія 101 | 24.03.2026 01:20 - 02:20",
      "description": "Користувач teacher видалив бронювання ресурсу \"Аудиторія 101\".",
      "created_at": "2026-03-28T18:09:31.028Z"
    }
  },
  {
    "model": "core.actionlog",
    "pk": 49,
    "fields": {
      "user": 3,
      "action_type": "delete_booking",
      "object_type": "booking",
      "object_repr": "Аудиторія 101 | 23.03.2026 08:00 - 09:30",
      "description": "Користувач teacher видалив бронювання ресурсу \"Аудиторія 101\".",
      "created_at": "2026-03-28T18:09:33.095Z"
    }
  },
  {
    "model": "core.actionlog",
    "pk": 50,
    "fields": {
      "user": 3,
      "action_type": "delete_booking",
      "object_type": "booking",
      "object_repr": "Проектор Epson X12 | 22.03.2026 19:38 - 20:38",
      "description": "Користувач teacher видалив бронювання ресурсу \"Проектор Epson X12\".",
      "created_at": "2026-03-28T18:09:34.401Z"
    }
  },
  {
    "model": "core.actionlog",
    "pk": 51,
    "fields": {
      "user": 3,
      "action_type": "delete_booking",
      "object_type": "booking",
      "object_repr": "Аудиторія 101 | 22.03.2026 19:38 - 23:42",
      "description": "Користувач teacher видалив бронювання ресурсу \"Аудиторія 101\".",
      "created_at": "2026-03-28T18:09:35.502Z"
    }
  },
  {
    "model": "core.actionlog",
    "pk": 52,
    "fields": {
      "user": 3,
      "action_type": "delete_booking",
      "object_type": "booking",
      "object_repr": "Аудиторія 101 | 22.03.2026 14:10 - 15:30",
      "description": "Користувач teacher видалив бронювання ресурсу \"Аудиторія 101\".",
      "created_at": "2026-03-28T18:09:36.569Z"
    }
  },
  {
    "model": "core.actionlog",
    "pk": 53,
    "fields": {
      "user": 3,
      "action_type": "delete_booking",
      "object_type": "booking",
      "object_repr": "Аудиторія 101 | 22.03.2026 12:40 - 14:00",
      "description": "Користувач teacher видалив бронювання ресурсу \"Аудиторія 101\".",
      "created_at": "2026-03-28T18:09:37.692Z"
    }
  },
  {
    "model": "core.actionlog",
    "pk": 54,
    "fields": {
      "user": 3,
      "action_type": "delete_booking",
      "object_type": "booking",
      "object_repr": "Аудиторія 101 | 22.03.2026 09:30 - 10:50",
      "description": "Користувач teacher видалив бронювання ресурсу \"Аудиторія 101\".",
      "created_at": "2026-03-28T18:09:38.737Z"
    }
  },
  {
    "model": "core.actionlog",
    "pk": 55,
    "fields": {
      "user": 3,
      "action_type": "delete_booking",
      "object_type": "booking",
      "object_repr": "Аудиторія 101 | 22.03.2026 08:00 - 09:30",
      "description": "Користувач teacher видалив бронювання ресурсу \"Аудиторія 101\".",
      "created_at": "2026-03-28T18:09:39.751Z"
    }
  },
  {
    "model": "core.actionlog",
    "pk": 56,
    "fields": {
      "user": 3,
      "action_type": "delete_booking",
      "object_type": "booking",
      "object_repr": "Аудиторія 101 | 22.03.2026 08:00 - 09:20",
      "description": "Користувач teacher видалив бронювання ресурсу \"Аудиторія 101\".",
      "created_at": "2026-03-28T18:09:40.871Z"
    }
  },
  {
    "model": "core.actionlog",
    "pk": 57,
    "fields": {
      "user": 3,
      "action_type": "create_booking",
      "object_type": "booking",
      "object_repr": "Аудиторія 101 | 28.03.2026 09:30 - 10:50",
      "description": "Швидке бронювання пари 2 для ресурсу \"Аудиторія 101\" користувачем teacher.",
      "created_at": "2026-03-28T18:10:09.599Z"
    }
  },
  {
    "model": "core.actionlog",
    "pk": 58,
    "fields": {
      "user": 3,
      "action_type": "create_booking",
      "object_type": "booking",
      "object_repr": "Аудиторія 111 | 28.03.2026 08:00 - 09:20",
      "description": "Швидке бронювання пари 1 для ресурсу \"Аудиторія 111\" користувачем teacher.",
      "created_at": "2026-03-28T18:10:19.617Z"
    }
  },
  {
    "model": "core.actionlog",
    "pk": 59,
    "fields": {
      "user": 3,
      "action_type": "create_booking",
      "object_type": "booking",
      "object_repr": "Аудиторія 111 | 28.03.2026 11:10 - 12:30",
      "description": "Швидке бронювання пари 3 для ресурсу \"Аудиторія 111\" користувачем teacher.",
      "created_at": "2026-03-28T18:11:10.464Z"
    }
  },
  {
    "model": "core.actionlog",
    "pk": 60,
    "fields": {
      "user": 3,
      "action_type": "create_booking",
      "object_type": "booking",
      "object_repr": "Аудиторія 101 | 28.03.2026 12:40 - 14:00",
      "description": "Швидке бронювання пари 4 для ресурсу \"Аудиторія 101\" користувачем teacher.",
      "created_at": "2026-03-28T18:33:45.530Z"
    }
  },
  {
    "model": "core.actionlog",
    "pk": 61,
    "fields": {
      "user": 3,
      "action_type": "delete_booking",
      "object_type": "booking",
      "object_repr": "Аудиторія 111 | 28.03.2026 11:10 - 12:30",
      "description": "Користувач teacher видалив бронювання ресурсу \"Аудиторія 111\".",
      "created_at": "2026-03-28T18:34:48.212Z"
    }
  },
  {
    "model": "core.actionlog",
    "pk": 62,
    "fields": {
      "user": 3,
      "action_type": "cancel_booking",
      "object_type": "booking",
      "object_repr": "Аудиторія 101 | 28.03.2026 12:40 - 14:00",
      "description": "Користувач teacher скасував бронювання ресурсу \"Аудиторія 101\".",
      "created_at": "2026-03-28T18:35:11.629Z"
    }
  },
  {
    "model": "core.actionlog",
    "pk": 63,
    "fields": {
      "user": 3,
      "action_type": "delete_booking",
      "object_type": "booking",
      "object_repr": "Аудиторія 101 | 28.03.2026 12:40 - 14:00",
      "description": "Користувач teacher видалив бронювання ресурсу \"Аудиторія 101\".",
      "created_at": "2026-03-28T18:35:18.178Z"
    }
  },
  {
    "model": "core.actionlog",
    "pk": 64,
    "fields": {
      "user": 3,
      "action_type": "logout",
      "object_type": "auth",
      "object_repr": "Вихід із системи",
      "description": "Користувач teacher вийшов із системи.",
      "created_at": "2026-03-28T18:35:57.616Z"
    }
  },
  {
    "model": "core.actionlog",
    "pk": 65,
    "fields": {
      "user": 1,
      "action_type": "login",
      "object_type": "auth",
      "object_repr": "Вхід у систему",
      "description": "Користувач admin увійшов у систему.",
      "created_at": "2026-03-28T18:36:08.626Z"
    }
  },
  {
    "model": "core.actionlog",
    "pk": 66,
    "fields": {
      "user": 1,
      "action_type": "create_booking",
      "object_type": "booking",
      "object_repr": "Конференц-зал | 28.03.2026 08:00 - 09:20",
      "description": "Швидке бронювання пари 1 для ресурсу \"Конференц-зал\" користувачем admin.",
      "created_at": "2026-03-28T18:36:54.240Z"
    }
  },
  {
    "model": "core.actionlog",
    "pk": 67,
    "fields": {
      "user": 1,
      "action_type": "reject_booking",
      "object_type": "booking",
      "object_repr": "Конференц-зал | 28.03.2026 08:00 - 09:20",
      "description": "Адміністратор admin відхилив бронювання користувача admin.",
      "created_at": "2026-03-28T18:37:09.299Z"
    }
  },
  {
    "model": "core.actionlog",
    "pk": 68,
    "fields": {
      "user": 1,
      "action_type": "delete_booking",
      "object_type": "booking",
      "object_repr": "Конференц-зал | 28.03.2026 08:00 - 09:20",
      "description": "Користувач admin видалив бронювання ресурсу \"Конференц-зал\".",
      "created_at": "2026-03-28T18:37:16.821Z"
    }
  },
  {
    "model": "core.actionlog",
    "pk": 69,
    "fields": {
      "user": 1,
      "action_type": "logout",
      "object_type": "auth",
      "object_repr": "Вихід із системи",
      "description": "Користувач admin вийшов із системи.",
      "created_at": "2026-03-28T18:37:18.189Z"
    }
  },
  {
    "model": "core.actionlog",
    "pk": 70,
    "fields": {
      "user": 3,
      "action_type": "login",
      "object_type": "auth",
      "object_repr": "Вхід у систему",
      "description": "Користувач teacher увійшов у систему.",
      "created_at": "2026-03-28T18:37:38.402Z"
    }
  },
  {
    "model": "core.actionlog",
    "pk": 71,
    "fields": {
      "user": 3,
      "action_type": "create_booking",
      "object_type": "booking",
      "object_repr": "Конференц-зал | 28.03.2026 09:30 - 10:50",
      "description": "Швидке бронювання пари 2 для ресурсу \"Конференц-зал\" користувачем teacher.",
      "created_at": "2026-03-28T18:37:49.905Z"
    }
  },
  {
    "model": "core.actionlog",
    "pk": 72,
    "fields": {
      "user": 3,
      "action_type": "logout",
      "object_type": "auth",
      "object_repr": "Вихід із системи",
      "description": "Користувач teacher вийшов із системи.",
      "created_at": "2026-03-28T18:37:53.056Z"
    }
  },
  {
    "model": "core.actionlog",
    "pk": 73,
    "fields": {
      "user": 1,
      "action_type": "login",
      "object_type": "auth",
      "object_repr": "Вхід у систему",
      "description": "Користувач admin увійшов у систему.",
      "created_at": "2026-03-28T18:38:00.599Z"
    }
  },
  {
    "model": "core.actionlog",
    "pk": 74,
    "fields": {
      "user": 1,
      "action_type": "approve_booking",
      "object_type": "booking",
      "object_repr": "Конференц-зал | 28.03.2026 09:30 - 10:50",
      "description": "Адміністратор admin підтвердив бронювання користувача teacher.",
      "created_at": "2026-03-28T18:38:06.422Z"
    }
  },
  {
    "model": "core.actionlog",
    "pk": 75,
    "fields": {
      "user": 1,
      "action_type": "logout",
      "object_type": "auth",
      "object_repr": "Вихід із системи",
      "description": "Користувач admin вийшов із системи.",
      "created_at": "2026-03-28T18:38:11.059Z"
    }
  },
  {
    "model": "core.actionlog",
    "pk": 76,
    "fields": {
      "user": 3,
      "action_type": "login",
      "object_type": "auth",
      "object_repr": "Вхід у систему",
      "description": "Користувач teacher увійшов у систему.",
      "created_at": "2026-03-28T18:38:28.022Z"
    }
  },
  {
    "model": "core.actionlog",
    "pk": 77,
    "fields": {
      "user": 3,
      "action_type": "create_booking",
      "object_type": "booking",
      "object_repr": "Аудиторія 111 | 28.03.2026 12:40 - 14:00",
      "description": "Швидке бронювання пари 4 для ресурсу \"Аудиторія 111\" користувачем teacher.",
      "created_at": "2026-03-28T18:39:18.922Z"
    }
  },
  {
    "model": "core.actionlog",
    "pk": 78,
    "fields": {
      "user": 3,
      "action_type": "create_booking",
      "object_type": "booking",
      "object_repr": "Аудиторія 101 | 28.03.2026 14:10 - 15:30",
      "description": "Швидке бронювання пари 5 для ресурсу \"Аудиторія 101\" користувачем teacher.",
      "created_at": "2026-03-28T18:39:35.924Z"
    }
  },
  {
    "model": "core.actionlog",
    "pk": 79,
    "fields": {
      "user": 3,
      "action_type": "create_booking",
      "object_type": "booking",
      "object_repr": "Аудиторія 101 | 28.03.2026 08:00 - 09:20",
      "description": "Швидке бронювання пари 1 для ресурсу \"Аудиторія 101\" користувачем teacher.",
      "created_at": "2026-03-28T18:40:00.077Z"
    }
  },
  {
    "model": "core.actionlog",
    "pk": 80,
    "fields": {
      "user": 3,
      "action_type": "delete_booking",
      "object_type": "booking",
      "object_repr": "Аудиторія 101 | 28.03.2026 14:10 - 15:30",
      "description": "Користувач teacher видалив бронювання ресурсу \"Аудиторія 101\".",
      "created_at": "2026-03-28T18:40:39.826Z"
    }
  },
  {
    "model": "core.actionlog",
    "pk": 81,
    "fields": {
      "user": 3,
      "action_type": "delete_booking",
      "object_type": "booking",
      "object_repr": "Аудиторія 101 | 28.03.2026 09:30 - 10:50",
      "description": "Користувач teacher видалив бронювання ресурсу \"Аудиторія 101\".",
      "created_at": "2026-03-28T18:40:42.280Z"
    }
  },
  {
    "model": "core.actionlog",
    "pk": 82,
    "fields": {
      "user": 3,
      "action_type": "delete_booking",
      "object_type": "booking",
      "object_repr": "Аудиторія 101 | 28.03.2026 08:00 - 09:20",
      "description": "Користувач teacher видалив бронювання ресурсу \"Аудиторія 101\".",
      "created_at": "2026-03-28T18:41:37.687Z"
    }
  },
  {
    "model": "core.actionlog",
    "pk": 83,
    "fields": {
      "user": 3,
      "action_type": "create_booking",
      "object_type": "booking",
      "object_repr": "Аудиторія 111 | 28.03.2026 15:40 - 17:00",
      "description": "Швидке бронювання пари 6 для ресурсу \"Аудиторія 111\" користувачем teacher.",
      "created_at": "2026-03-28T23:42:50.067Z"
    }
  },
  {
    "model": "core.actionlog",
    "pk": 84,
    "fields": {
      "user": 3,
      "action_type": "create_booking",
      "object_type": "booking",
      "object_repr": "Аудиторія 101 | 28.03.2026 12:40 - 14:00",
      "description": "Швидке бронювання пари 4 для ресурсу \"Аудиторія 101\" користувачем teacher.",
      "created_at": "2026-03-28T23:43:34.732Z"
    }
  },
  {
    "model": "core.actionlog",
    "pk": 85,
    "fields": {
      "user": 3,
      "action_type": "delete_booking",
      "object_type": "booking",
      "object_repr": "Аудиторія 111 | 28.03.2026 15:40 - 17:00",
      "description": "Користувач teacher видалив бронювання ресурсу \"Аудиторія 111\".",
      "created_at": "2026-03-28T23:43:47.385Z"
    }
  },
  {
    "model": "core.actionlog",
    "pk": 86,
    "fields": {
      "user": 3,
      "action_type": "delete_booking",
      "object_type": "booking",
      "object_repr": "Аудиторія 111 | 28.03.2026 12:40 - 14:00",
      "description": "Користувач teacher видалив бронювання ресурсу \"Аудиторія 111\".",
      "created_at": "2026-03-28T23:43:49.126Z"
    }
  },
  {
    "model": "core.actionlog",
    "pk": 87,
    "fields": {
      "user": 3,
      "action_type": "delete_booking",
      "object_type": "booking",
      "object_repr": "Конференц-зал | 28.03.2026 09:30 - 10:50",
      "description": "Користувач teacher видалив бронювання ресурсу \"Конференц-зал\".",
      "created_at": "2026-03-28T23:43:51.221Z"
    }
  },
  {
    "model": "core.actionlog",
    "pk": 88,
    "fields": {
      "user": 3,
      "action_type": "logout",
      "object_type": "auth",
      "object_repr": "Вихід із системи",
      "description": "Користувач teacher вийшов із системи.",
      "created_at": "2026-03-28T23:47:06.648Z"
    }
  },
  {
    "model": "core.actionlog",
    "pk": 89,
    "fields": {
      "user": 1,
      "action_type": "login",
      "object_type": "auth",
      "object_repr": "Вхід у систему",
      "description": "Користувач admin увійшов у систему.",
      "created_at": "2026-03-28T23:47:13.590Z"
    }
  },
  {
    "model": "core.actionlog",
    "pk": 90,
    "fields": {
      "user": 1,
      "action_type": "create_booking",
      "object_type": "booking",
      "object_repr": "Аудиторія 111 | 28.03.2026 11:10 - 12:30",
      "description": "Швидке бронювання пари 3 для ресурсу \"Аудиторія 111\" користувачем admin.",
      "created_at": "2026-03-28T23:51:29.255Z"
    }
  },
  {
    "model": "core.actionlog",
    "pk": 91,
    "fields": {
      "user": 1,
      "action_type": "create_booking",
      "object_type": "booking",
      "object_repr": "Аудиторія 111 | 28.03.2026 14:10 - 15:30",
      "description": "Швидке бронювання пари 5 для ресурсу \"Аудиторія 111\" користувачем admin.",
      "created_at": "2026-03-28T23:51:30.418Z"
    }
  },
  {
    "model": "core.actionlog",
    "pk": 92,
    "fields": {
      "user": 1,
      "action_type": "create_booking",
      "object_type": "booking",
      "object_repr": "Аудиторія 202 | 28.03.2026 12:40 - 14:00",
      "description": "Швидке бронювання пари 4 для ресурсу \"Аудиторія 202\" користувачем admin.",
      "created_at": "2026-03-28T23:51:38.714Z"
    }
  },
  {
    "model": "core.actionlog",
    "pk": 93,
    "fields": {
      "user": 1,
      "action_type": "create_booking",
      "object_type": "booking",
      "object_repr": "Аудиторія 101 | 28.03.2026 17:10 - 18:30",
      "description": "Швидке бронювання пари 7 для ресурсу \"Аудиторія 101\" користувачем admin.",
      "created_at": "2026-03-28T23:51:40.839Z"
    }
  },
  {
    "model": "core.actionlog",
    "pk": 94,
    "fields": {
      "user": 1,
      "action_type": "create_booking",
      "object_type": "booking",
      "object_repr": "Аудиторія 101 | 28.03.2026 08:00 - 09:20",
      "description": "Швидке бронювання пари 1 для ресурсу \"Аудиторія 101\" користувачем admin.",
      "created_at": "2026-03-28T23:51:45.945Z"
    }
  },
  {
    "model": "core.actionlog",
    "pk": 95,
    "fields": {
      "user": 1,
      "action_type": "cancel_booking",
      "object_type": "booking",
      "object_repr": "Аудиторія 101 | 28.03.2026 17:10 - 18:30",
      "description": "Користувач admin скасував бронювання ресурсу \"Аудиторія 101\".",
      "created_at": "2026-03-28T23:52:06.408Z"
    }
  },
  {
    "model": "core.actionlog",
    "pk": 96,
    "fields": {
      "user": 1,
      "action_type": "cancel_booking",
      "object_type": "booking",
      "object_repr": "Аудиторія 202 | 28.03.2026 12:40 - 14:00",
      "description": "Користувач admin скасував бронювання ресурсу \"Аудиторія 202\".",
      "created_at": "2026-03-28T23:52:07.638Z"
    }
  },
  {
    "model": "core.actionlog",
    "pk": 97,
    "fields": {
      "user": 1,
      "action_type": "cancel_booking",
      "object_type": "booking",
      "object_repr": "Аудиторія 111 | 28.03.2026 14:10 - 15:30",
      "description": "Користувач admin скасував бронювання ресурсу \"Аудиторія 111\".",
      "created_at": "2026-03-29T00:13:29.961Z"
    }
  },
  {
    "model": "core.actionlog",
    "pk": 98,
    "fields": {
      "user": 1,
      "action_type": "delete_booking",
      "object_type": "booking",
      "object_repr": "Аудиторія 101 | 28.03.2026 17:10 - 18:30",
      "description": "Користувач admin видалив скасоване бронювання ресурсу \"Аудиторія 101\".",
      "created_at": "2026-03-29T00:35:52.835Z"
    }
  },
  {
    "model": "core.actionlog",
    "pk": 99,
    "fields": {
      "user": 1,
      "action_type": "delete_booking",
      "object_type": "booking",
      "object_repr": "Аудиторія 111 | 28.03.2026 14:10 - 15:30",
      "description": "Користувач admin видалив скасоване бронювання ресурсу \"Аудиторія 111\".",
      "created_at": "2026-03-29T00:35:52.839Z"
    }
  },
  {
    "model": "core.actionlog",
    "pk": 100,
    "fields": {
      "user": 1,
      "action_type": "delete_booking",
      "object_type": "booking",
      "object_repr": "Аудиторія 202 | 28.03.2026 12:40 - 14:00",
      "description": "Користувач admin видалив скасоване бронювання ресурсу \"Аудиторія 202\".",
      "created_at": "2026-03-29T00:35:52.841Z"
    }
  },
  {
    "model": "core.actionlog",
    "pk": 101,
    "fields": {
      "user": 1,
      "action_type": "delete_booking",
      "object_type": "booking",
      "object_repr": "Аудиторія 111 | 28.03.2026 11:10 - 12:30",
      "description": "Користувач admin видалив бронювання ресурсу \"Аудиторія 111\".",
      "created_at": "2026-03-29T01:04:18.771Z"
    }
  },
  {
    "model": "core.actionlog",
    "pk": 102,
    "fields": {
      "user": 1,
      "action_type": "delete_booking",
      "object_type": "booking",
      "object_repr": "Аудиторія 101 | 28.03.2026 08:00 - 09:20",
      "description": "Користувач admin видалив бронювання ресурсу \"Аудиторія 101\".",
      "created_at": "2026-03-29T01:04:20.037Z"
    }
  },
  {
    "model": "core.actionlog",
    "pk": 103,
    "fields": {
      "user": 1,
      "action_type": "logout",
      "object_type": "auth",
      "object_repr": "Вихід із системи",
      "description": "Користувач admin вийшов із системи.",
      "created_at": "2026-03-29T01:07:08.569Z"
    }
  },
  {
    "model": "core.actionlog",
    "pk": 104,
    "fields": {
      "user": 3,
      "action_type": "login",
      "object_type": "auth",
      "object_repr": "Вхід у систему",
      "description": "Користувач teacher увійшов у систему.",
      "created_at": "2026-03-29T01:07:19.970Z"
    }
  },
  {
    "model": "core.actionlog",
    "pk": 105,
    "fields": {
      "user": 3,
      "action_type": "delete_booking",
      "object_type": "booking",
      "object_repr": "Аудиторія 101 | 28.03.2026 12:40 - 14:00",
      "description": "Користувач teacher видалив бронювання ресурсу \"Аудиторія 101\".",
      "created_at": "2026-03-29T01:07:29.959Z"
    }
  },
  {
    "model": "core.actionlog",
    "pk": 106,
    "fields": {
      "user": 3,
      "action_type": "cancel_booking",
      "object_type": "booking",
      "object_repr": "Аудиторія 111 | 28.03.2026 08:00 - 09:20",
      "description": "Користувач teacher скасував бронювання ресурсу \"Аудиторія 111\".",
      "created_at": "2026-03-29T01:07:31.234Z"
    }
  },
  {
    "model": "core.actionlog",
    "pk": 107,
    "fields": {
      "user": 3,
      "action_type": "delete_booking",
      "object_type": "booking",
      "object_repr": "Аудиторія 111 | 28.03.2026 08:00 - 09:20",
      "description": "Користувач teacher видалив скасоване бронювання ресурсу \"Аудиторія 111\".",
      "created_at": "2026-03-29T01:07:33.296Z"
    }
  },
  {
    "model": "core.actionlog",
    "pk": 108,
    "fields": {
      "user": 3,
      "action_type": "create_booking",
      "object_type": "booking",
      "object_repr": "Аудиторія 101 | 29.03.2026 08:00 - 09:20",
      "description": "Швидке бронювання пари 1 для ресурсу \"Аудиторія 101\" користувачем teacher.",
      "created_at": "2026-03-29T01:14:32.559Z"
    }
  },
  {
    "model": "core.actionlog",
    "pk": 109,
    "fields": {
      "user": 3,
      "action_type": "create_booking",
      "object_type": "booking",
      "object_repr": "Аудиторія 101 | 29.03.2026 09:30 - 10:50",
      "description": "Швидке бронювання пари 2 для ресурсу \"Аудиторія 101\" користувачем teacher.",
      "created_at": "2026-03-29T01:14:34.144Z"
    }
  },
  {
    "model": "core.actionlog",
    "pk": 110,
    "fields": {
      "user": 3,
      "action_type": "create_booking",
      "object_type": "booking",
      "object_repr": "Аудиторія 101 | 29.03.2026 11:10 - 12:30",
      "description": "Швидке бронювання пари 3 для ресурсу \"Аудиторія 101\" користувачем teacher.",
      "created_at": "2026-03-29T01:14:35.571Z"
    }
  },
  {
    "model": "core.actionlog",
    "pk": 111,
    "fields": {
      "user": 3,
      "action_type": "create_booking",
      "object_type": "booking",
      "object_repr": "Аудиторія 101 | 27.03.2026 09:30 - 10:50",
      "description": "Швидке бронювання пари 2 для ресурсу \"Аудиторія 101\" користувачем teacher.",
      "created_at": "2026-03-29T01:14:45.070Z"
    }
  },
  {
    "model": "core.actionlog",
    "pk": 112,
    "fields": {
      "user": 3,
      "action_type": "create_booking",
      "object_type": "booking",
      "object_repr": "Аудиторія 101 | 27.03.2026 11:10 - 12:30",
      "description": "Швидке бронювання пари 3 для ресурсу \"Аудиторія 101\" користувачем teacher.",
      "created_at": "2026-03-29T01:14:46.289Z"
    }
  },
  {
    "model": "core.actionlog",
    "pk": 113,
    "fields": {
      "user": 3,
      "action_type": "create_booking",
      "object_type": "booking",
      "object_repr": "Аудиторія 101 | 27.03.2026 12:40 - 14:00",
      "description": "Швидке бронювання пари 4 для ресурсу \"Аудиторія 101\" користувачем teacher.",
      "created_at": "2026-03-29T01:14:47.571Z"
    }
  },
  {
    "model": "core.actionlog",
    "pk": 114,
    "fields": {
      "user": 3,
      "action_type": "create_booking",
      "object_type": "booking",
      "object_repr": "Аудиторія 202 | 27.03.2026 11:10 - 12:30",
      "description": "Швидке бронювання пари 3 для ресурсу \"Аудиторія 202\" користувачем teacher.",
      "created_at": "2026-03-29T01:14:50.409Z"
    }
  },
  {
    "model": "core.actionlog",
    "pk": 115,
    "fields": {
      "user": 3,
      "action_type": "create_booking",
      "object_type": "booking",
      "object_repr": "Аудиторія 201 | 27.03.2026 12:40 - 14:00",
      "description": "Швидке бронювання пари 4 для ресурсу \"Аудиторія 201\" користувачем teacher.",
      "created_at": "2026-03-29T01:14:52.640Z"
    }
  },
  {
    "model": "core.actionlog",
    "pk": 116,
    "fields": {
      "user": 3,
      "action_type": "create_booking",
      "object_type": "booking",
      "object_repr": "Аудиторія 101 | 27.03.2026 17:10 - 18:30",
      "description": "Швидке бронювання пари 7 для ресурсу \"Аудиторія 101\" користувачем teacher.",
      "created_at": "2026-03-29T01:14:54.340Z"
    }
  },
  {
    "model": "core.actionlog",
    "pk": 117,
    "fields": {
      "user": 3,
      "action_type": "create_booking",
      "object_type": "booking",
      "object_repr": "Аудиторія 101 | 29.03.2026 14:10 - 15:30",
      "description": "Швидке бронювання пари 5 для ресурсу \"Аудиторія 101\" користувачем teacher.",
      "created_at": "2026-03-29T01:33:39.273Z"
    }
  },
  {
    "model": "core.actionlog",
    "pk": 118,
    "fields": {
      "user": 3,
      "action_type": "cancel_booking",
      "object_type": "booking",
      "object_repr": "Аудиторія 101 | 27.03.2026 09:30 - 10:50",
      "description": "Користувач teacher скасував бронювання ресурсу \"Аудиторія 101\".",
      "created_at": "2026-03-29T01:34:13.614Z"
    }
  },
  {
    "model": "core.actionlog",
    "pk": 119,
    "fields": {
      "user": 3,
      "action_type": "delete_booking",
      "object_type": "booking",
      "object_repr": "Аудиторія 101 | 27.03.2026 09:30 - 10:50",
      "description": "Користувач teacher видалив скасоване бронювання ресурсу \"Аудиторія 101\".",
      "created_at": "2026-03-29T01:34:25.225Z"
    }
  },
  {
    "model": "core.actionlog",
    "pk": 120,
    "fields": {
      "user": 3,
      "action_type": "logout",
      "object_type": "auth",
      "object_repr": "Вихід із системи",
      "description": "Користувач teacher вийшов із системи.",
      "created_at": "2026-03-29T01:34:28.844Z"
    }
  },
  {
    "model": "core.actionlog",
    "pk": 121,
    "fields": {
      "user": 1,
      "action_type": "login",
      "object_type": "auth",
      "object_repr": "Вхід у систему",
      "description": "Користувач admin увійшов у систему.",
      "created_at": "2026-03-29T01:34:38.618Z"
    }
  },
  {
    "model": "core.actionlog",
    "pk": 122,
    "fields": {
      "user": 1,
      "action_type": "create_booking",
      "object_type": "booking",
      "object_repr": "Конференц-зал | 29.03.2026 08:00 - 09:20",
      "description": "Швидке бронювання пари 1 для ресурсу \"Конференц-зал\" користувачем admin.",
      "created_at": "2026-03-29T01:35:23.863Z"
    }
  },
  {
    "model": "core.actionlog",
    "pk": 123,
    "fields": {
      "user": 1,
      "action_type": "reject_booking",
      "object_type": "booking",
      "object_repr": "Конференц-зал | 29.03.2026 08:00 - 09:20",
      "description": "Адміністратор admin відхилив бронювання користувача admin.",
      "created_at": "2026-03-29T01:35:39.444Z"
    }
  },
  {
    "model": "core.actionlog",
    "pk": 124,
    "fields": {
      "user": 1,
      "action_type": "delete_booking",
      "object_type": "booking",
      "object_repr": "Конференц-зал | 29.03.2026 08:00 - 09:20",
      "description": "Користувач admin видалив бронювання ресурсу \"Конференц-зал\".",
      "created_at": "2026-03-29T01:35:44.634Z"
    }
  },
  {
    "model": "core.actionlog",
    "pk": 125,
    "fields": {
      "user": 1,
      "action_type": "logout",
      "object_type": "auth",
      "object_repr": "Вихід із системи",
      "description": "Користувач admin вийшов із системи.",
      "created_at": "2026-03-29T01:35:59.412Z"
    }
  },
  {
    "model": "core.actionlog",
    "pk": 126,
    "fields": {
      "user": 2,
      "action_type": "login",
      "object_type": "auth",
      "object_repr": "Вхід у систему",
      "description": "Користувач lorents.vy увійшов у систему.",
      "created_at": "2026-03-29T01:36:06.538Z"
    }
  },
  {
    "model": "core.actionlog",
    "pk": 127,
    "fields": {
      "user": 2,
      "action_type": "logout",
      "object_type": "auth",
      "object_repr": "Вихід із системи",
      "description": "Користувач lorents.vy вийшов із системи.",
      "created_at": "2026-03-29T01:36:22.021Z"
    }
  },
  {
    "model": "core.actionlog",
    "pk": 128,
    "fields": {
      "user": 3,
      "action_type": "login",
      "object_type": "auth",
      "object_repr": "Вхід у систему",
      "description": "Користувач teacher увійшов у систему.",
      "created_at": "2026-03-29T01:36:27.746Z"
    }
  },
  {
    "model": "core.actionlog",
    "pk": 129,
    "fields": {
      "user": 3,
      "action_type": "cancel_booking",
      "object_type": "booking",
      "object_repr": "Аудиторія 101 | 29.03.2026 14:10 - 15:30",
      "description": "Користувач teacher скасував бронювання ресурсу \"Аудиторія 101\".",
      "created_at": "2026-03-29T02:29:02.447Z"
    }
  },
  {
    "model": "core.actionlog",
    "pk": 130,
    "fields": {
      "user": 3,
      "action_type": "delete_booking",
      "object_type": "booking",
      "object_repr": "Аудиторія 101 | 29.03.2026 14:10 - 15:30",
      "description": "Користувач teacher видалив неактивне бронювання ресурсу \"Аудиторія 101\".",
      "created_at": "2026-03-29T02:29:05.888Z"
    }
  },
  {
    "model": "core.actionlog",
    "pk": 131,
    "fields": {
      "user": 3,
      "action_type": "delete_booking",
      "object_type": "booking",
      "object_repr": "Аудиторія 101 | 27.03.2026 17:10 - 18:30",
      "description": "Користувач teacher видалив неактивне бронювання ресурсу \"Аудиторія 101\".",
      "created_at": "2026-03-29T02:29:05.890Z"
    }
  },
  {
    "model": "core.actionlog",
    "pk": 132,
    "fields": {
      "user": 3,
      "action_type": "delete_booking",
      "object_type": "booking",
      "object_repr": "Аудиторія 101 | 27.03.2026 12:40 - 14:00",
      "description": "Користувач teacher видалив неактивне бронювання ресурсу \"Аудиторія 101\".",
      "created_at": "2026-03-29T02:29:05.890Z"
    }
  },
  {
    "model": "core.actionlog",
    "pk": 133,
    "fields": {
      "user": 3,
      "action_type": "delete_booking",
      "object_type": "booking",
      "object_repr": "Аудиторія 201 | 27.03.2026 12:40 - 14:00",
      "description": "Користувач teacher видалив неактивне бронювання ресурсу \"Аудиторія 201\".",
      "created_at": "2026-03-29T02:29:05.891Z"
    }
  },
  {
    "model": "core.actionlog",
    "pk": 134,
    "fields": {
      "user": 3,
      "action_type": "delete_booking",
      "object_type": "booking",
      "object_repr": "Аудиторія 101 | 27.03.2026 11:10 - 12:30",
      "description": "Користувач teacher видалив неактивне бронювання ресурсу \"Аудиторія 101\".",
      "created_at": "2026-03-29T02:29:05.891Z"
    }
  },
  {
    "model": "core.actionlog",
    "pk": 135,
    "fields": {
      "user": 3,
      "action_type": "delete_booking",
      "object_type": "booking",
      "object_repr": "Аудиторія 202 | 27.03.2026 11:10 - 12:30",
      "description": "Користувач teacher видалив неактивне бронювання ресурсу \"Аудиторія 202\".",
      "created_at": "2026-03-29T02:29:05.892Z"
    }
  },
  {
    "model": "core.actionlog",
    "pk": 136,
    "fields": {
      "user": 3,
      "action_type": "create_booking",
      "object_type": "booking",
      "object_repr": "Аудиторія 111 | 01.04.2026 08:00 - 09:20",
      "description": "Швидке бронювання пари 1 для ресурсу \"Аудиторія 111\" користувачем teacher.",
      "created_at": "2026-03-29T02:30:24.434Z"
    }
  },
  {
    "model": "core.actionlog",
    "pk": 137,
    "fields": {
      "user": 3,
      "action_type": "create_booking",
      "object_type": "booking",
      "object_repr": "Аудиторія 111 | 29.03.2026 08:00 - 09:20",
      "description": "Швидке бронювання пари 1 для ресурсу \"Аудиторія 111\" користувачем teacher.",
      "created_at": "2026-03-29T02:30:31.823Z"
    }
  },
  {
    "model": "core.actionlog",
    "pk": 138,
    "fields": {
      "user": 3,
      "action_type": "create_booking",
      "object_type": "booking",
      "object_repr": "Аудиторія 111 | 02.04.2026 08:00 - 09:20",
      "description": "Швидке бронювання пари 1 для ресурсу \"Аудиторія 111\" користувачем teacher.",
      "created_at": "2026-03-29T02:30:41.076Z"
    }
  },
  {
    "model": "core.actionlog",
    "pk": 139,
    "fields": {
      "user": 3,
      "action_type": "create_booking",
      "object_type": "booking",
      "object_repr": "Аудиторія 111 | 31.03.2026 09:30 - 10:50",
      "description": "Швидке бронювання пари 2 для ресурсу \"Аудиторія 111\" користувачем teacher.",
      "created_at": "2026-03-29T02:30:46.356Z"
    }
  },
  {
    "model": "core.actionlog",
    "pk": 140,
    "fields": {
      "user": 3,
      "action_type": "create_booking",
      "object_type": "booking",
      "object_repr": "Аудиторія 111 | 28.03.2026 08:00 - 09:20",
      "description": "Швидке бронювання пари 1 для ресурсу \"Аудиторія 111\" користувачем teacher.",
      "created_at": "2026-03-29T02:31:12.320Z"
    }
  },
  {
    "model": "core.actionlog",
    "pk": 141,
    "fields": {
      "user": 3,
      "action_type": "create_booking",
      "object_type": "booking",
      "object_repr": "Аудиторія 111 | 28.03.2026 11:10 - 12:30",
      "description": "Швидке бронювання пари 3 для ресурсу \"Аудиторія 111\" користувачем teacher.",
      "created_at": "2026-03-29T02:31:14.192Z"
    }
  },
  {
    "model": "core.actionlog",
    "pk": 142,
    "fields": {
      "user": 3,
      "action_type": "create_booking",
      "object_type": "booking",
      "object_repr": "Аудиторія 101 | 30.03.2026 08:00 - 09:20",
      "description": "Швидке бронювання пари 1 для ресурсу \"Аудиторія 101\" користувачем teacher.",
      "created_at": "2026-03-30T08:43:44.458Z"
    }
  },
  {
    "model": "core.actionlog",
    "pk": 143,
    "fields": {
      "user": 3,
      "action_type": "create_booking",
      "object_type": "booking",
      "object_repr": "Конференц-зал | 30.03.2026 11:10 - 12:30",
      "description": "Швидке бронювання пари 3 для ресурсу \"Конференц-зал\" користувачем teacher.",
      "created_at": "2026-03-30T08:44:31.260Z"
    }
  },
  {
    "model": "core.actionlog",
    "pk": 144,
    "fields": {
      "user": 3,
      "action_type": "logout",
      "object_type": "auth",
      "object_repr": "Вихід із системи",
      "description": "Користувач teacher вийшов із системи.",
      "created_at": "2026-03-30T08:44:45.110Z"
    }
  },
  {
    "model": "core.actionlog",
    "pk": 145,
    "fields": {
      "user": 1,
      "action_type": "login",
      "object_type": "auth",
      "object_repr": "Вхід у систему",
      "description": "Користувач admin увійшов у систему.",
      "created_at": "2026-03-30T08:44:54.362Z"
    }
  },
  {
    "model": "core.actionlog",
    "pk": 146,
    "fields": {
      "user": 1,
      "action_type": "reject_booking",
      "object_type": "booking",
      "object_repr": "Конференц-зал | 30.03.2026 11:10 - 12:30",
      "description": "Адміністратор admin відхилив бронювання користувача teacher.",
      "created_at": "2026-03-30T08:45:06.887Z"
    }
  },
  {
    "model": "core.actionlog",
    "pk": 147,
    "fields": {
      "user": 1,
      "action_type": "logout",
      "object_type": "auth",
      "object_repr": "Вихід із системи",
      "description": "Користувач admin вийшов із системи.",
      "created_at": "2026-03-30T08:46:25.232Z"
    }
  },
  {
    "model": "core.actionlog",
    "pk": 148,
    "fields": {
      "user": 3,
      "action_type": "login",
      "object_type": "auth",
      "object_repr": "Вхід у систему",
      "description": "Користувач teacher увійшов у систему.",
      "created_at": "2026-03-30T08:46:41.409Z"
    }
  },
  {
    "model": "core.actionlog",
    "pk": 149,
    "fields": {
      "user": 3,
      "action_type": "create_booking",
      "object_type": "booking",
      "object_repr": "Аудиторія 101 | 29.03.2026 14:10 - 15:30",
      "description": "Швидке бронювання пари 5 для ресурсу \"Аудиторія 101\" користувачем teacher.",
      "created_at": "2026-03-30T08:47:36.690Z"
    }
  },
  {
    "model": "core.actionlog",
    "pk": 150,
    "fields": {
      "user": 3,
      "action_type": "create_booking",
      "object_type": "booking",
      "object_repr": "Аудиторія 201 | 05.04.2026 08:00 - 09:20",
      "description": "Швидке бронювання пари 1 для ресурсу \"Аудиторія 201\" користувачем teacher.",
      "created_at": "2026-04-05T19:34:10.603Z"
    }
  },
  {
    "model": "core.actionlog",
    "pk": 151,
    "fields": {
      "user": 3,
      "action_type": "logout",
      "object_type": "auth",
      "object_repr": "Вихід із системи",
      "description": "Користувач teacher вийшов із системи.",
      "created_at": "2026-04-06T15:28:28.033Z"
    }
  },
  {
    "model": "core.actionlog",
    "pk": 152,
    "fields": {
      "user": 1,
      "action_type": "login",
      "object_type": "auth",
      "object_repr": "Вхід у систему",
      "description": "Користувач admin увійшов у систему.",
      "created_at": "2026-04-06T15:28:38.199Z"
    }
  },
  {
    "model": "core.actionlog",
    "pk": 153,
    "fields": {
      "user": 3,
      "action_type": "login",
      "object_type": "auth",
      "object_repr": "Вхід у систему",
      "description": "Користувач teacher увійшов у систему.",
      "created_at": "2026-04-15T17:36:55.897Z"
    }
  },
  {
    "model": "core.actionlog",
    "pk": 154,
    "fields": {
      "user": 3,
      "action_type": "login",
      "object_type": "auth",
      "object_repr": "Вхід у систему",
      "description": "Користувач teacher увійшов у систему.",
      "created_at": "2026-04-18T13:08:16.300Z"
    }
  },
  {
    "model": "core.actionlog",
    "pk": 155,
    "fields": {
      "user": 3,
      "action_type": "logout",
      "object_type": "auth",
      "object_repr": "Вихід із системи",
      "description": "Користувач teacher вийшов із системи.",
      "created_at": "2026-04-18T13:08:32.533Z"
    }
  },
  {
    "model": "core.actionlog",
    "pk": 156,
    "fields": {
      "user": 1,
      "action_type": "login",
      "object_type": "auth",
      "object_repr": "Вхід у систему",
      "description": "Користувач admin увійшов у систему.",
      "created_at": "2026-04-18T13:08:39.209Z"
    }
  }
]